,host_type,major_releases,author_count,duration,project,status,multi_repo
0,deb,0.0,4.0,73.0,accerciser,0,0
1,deb,0.0,2.0,59.0,agtl,1,0
2,deb,0.0,2.0,49.0,ajaxterm,1,0
3,deb,0.0,3.0,71.0,alacarte,0,0
4,deb,0.0,3.0,98.0,angrydd,1,0
5,deb,0.0,2.0,71.0,anki,0,0
6,deb,0.0,3.0,41.0,ansible,0,1
7,deb,0.0,1.0,50.0,apt-clone,1,0
8,deb,0.0,1.0,46.0,apt-forktracer,1,0
9,deb,0.0,3.0,71.0,apt-listchanges,0,0
10,deb,0.0,3.0,69.0,apt-xapian-index,1,0
11,deb,0.0,1.0,79.0,aptfs,0,0
12,deb,0.0,1.0,54.0,aqemu,0,0
13,deb,0.0,1.0,60.0,arandr,1,0
14,deb,0.0,2.0,40.0,archivemail,1,0
15,deb,0.0,2.0,22.0,ardentryst,0,0
16,deb,0.0,2.0,12.0,ariba,0,0
17,deb,0.0,2.0,73.0,asciidoc,0,0
18,deb,0.0,1.0,49.0,asciinema,0,1
19,deb,0.0,1.0,64.0,atftp,1,0
20,deb,0.0,2.0,45.0,atheist,1,0
21,deb,0.0,1.0,58.0,autojump,0,1
22,deb,0.0,3.0,63.0,autopkgtest,0,0
23,deb,0.0,1.0,53.0,autorenamer,1,0
24,deb,0.0,2.0,56.0,autotrash,1,0
25,deb,0.0,1.0,30.0,bambam,1,0
26,deb,0.0,1.0,4.0,bdii,0,0
27,deb,0.0,4.0,68.0,beets,0,1
28,deb,0.0,1.0,33.0,bibus,0,0
29,deb,0.0,3.0,94.0,bicyclerepair,1,0
30,deb,0.0,4.0,96.0,bittornado,1,0
31,deb,0.0,2.0,53.0,bittorrent,1,0
32,deb,0.0,2.0,48.0,bkchem,0,0
33,deb,0.0,3.0,68.0,bleachbit,0,0
34,deb,0.0,1.0,0.0,bley,1,0
35,deb,0.0,1.0,0.0,blueproximity,1,0
36,deb,0.0,2.0,31.0,bmap-tools,0,0
37,deb,0.0,3.0,57.0,boa-constructor,1,0
38,deb,0.0,1.0,71.0,bomstrip,0,0
39,deb,0.0,3.0,86.0,bouncy,0,0
40,deb,0.0,3.0,68.0,bpython,0,0
41,deb,0.0,2.0,57.0,bubbros,1,0
42,deb,0.0,2.0,50.0,bugs-everywhere,1,0
43,deb,0.0,1.0,17.0,bugz,0,0
44,deb,0.0,3.0,73.0,buildbot,0,1
45,deb,0.0,3.0,52.0,bup,1,1
46,deb,0.0,4.0,71.0,bzr,0,0
47,deb,0.0,2.0,56.0,bzr-builddeb,1,0
48,deb,0.0,3.0,53.0,bzr-email,0,0
49,deb,0.0,2.0,17.0,bzr-explorer,1,0
50,deb,0.0,2.0,14.0,bzr-loom,1,0
51,deb,0.0,2.0,65.0,bzr-search,1,0
52,deb,0.0,2.0,57.0,bzr-stats,0,0
53,deb,0.0,2.0,48.0,bzr-upload,0,0
54,deb,0.0,2.0,27.0,bzr-xmloutput,1,0
55,deb,0.0,3.0,50.0,bzrtools,0,0
56,deb,0.0,1.0,0.0,caldav-tester,1,0
57,deb,0.0,5.0,64.0,calibre,0,1
58,deb,0.0,3.0,100.0,cappuccino,0,0
59,deb,0.0,2.0,5.0,catfish,0,0
60,deb,0.0,2.0,73.0,ccontrol,1,0
61,deb,0.0,1.0,73.0,cedar-backup2,0,0
62,deb,0.0,1.0,15.0,cedar-backup3,0,0
63,deb,0.0,2.0,51.0,cfget,1,0
64,deb,0.0,1.0,0.0,cfv,1,0
65,deb,0.0,1.0,0.0,check-all-the-things,1,0
66,deb,0.0,2.0,58.0,cherrytree,0,0
67,deb,0.0,2.0,62.0,childsplay,0,0
68,deb,0.0,3.0,14.0,circlator,0,0
69,deb,0.0,2.0,94.0,clipf,0,0
70,deb,0.0,2.0,46.0,cloudprint,0,0
71,deb,0.0,1.0,43.0,codecgraph,1,0
72,deb,0.0,2.0,14.0,codespell,0,0
73,deb,0.0,2.0,58.0,codeville,1,0
74,deb,0.0,1.0,15.0,colortest-python,1,0
75,deb,0.0,1.0,10.0,comitup,0,0
76,deb,0.0,1.0,89.0,comix,1,0
77,deb,0.0,1.0,91.0,command-not-found,1,0
78,deb,0.0,3.0,65.0,congruity,0,0
79,deb,0.0,2.0,100.0,convertall,0,0
80,deb,0.0,2.0,140.0,cplay,0,0
81,deb,0.0,3.0,80.0,createrepo,1,0
82,deb,0.0,1.0,37.0,cssmin,0,0
83,deb,0.0,2.0,0.0,cura,0,0
84,deb,0.0,2.0,68.0,cvs2svn,0,0
85,deb,0.0,3.0,12.0,cwltool,0,0
86,deb,0.0,1.0,57.0,cycle,0,0
87,deb,0.0,5.0,76.0,cython,0,1
88,deb,0.0,2.0,78.0,d-feet,0,0
89,deb,0.0,2.0,49.0,darcsweb,1,0
90,deb,0.0,2.0,86.0,dctrl2xml,1,0
91,deb,0.0,1.0,64.0,debdelta,0,0
92,deb,0.0,2.0,70.0,debian-goodies,0,0
93,deb,0.0,2.0,69.0,debomatic,0,0
94,deb,0.0,5.0,40.0,debootstrap,0,0
95,deb,0.0,3.0,68.0,debsecan,1,0
96,deb,0.0,3.0,67.0,debtags,0,0
97,deb,0.0,1.0,12.0,deheader,0,0
98,deb,0.0,3.0,58.0,deluge,1,0
99,deb,0.0,2.0,21.0,denyhosts,1,0
100,deb,0.0,1.0,37.0,designate,0,0
101,deb,0.0,1.0,35.0,dh-python,0,0
102,deb,0.0,1.0,21.0,dhcpy6d,1,0
103,deb,0.0,1.0,10.0,diffoscope,0,0
104,deb,0.0,1.0,84.0,dir2ogg,1,0
105,deb,0.0,1.0,0.0,directoryassistant,1,0
106,deb,0.0,2.0,74.0,discus,1,0
107,deb,0.0,2.0,42.0,disper,1,0
108,deb,0.0,1.0,45.0,ditrack,1,0
109,deb,0.0,1.0,41.0,django-testproject,1,0
110,deb,0.0,1.0,42.0,django-testscenarios,0,0
111,deb,0.0,3.0,73.0,djvusmooth,0,0
112,deb,0.0,2.0,51.0,doc-central,1,0
113,deb,0.0,1.0,22.0,doclifter,0,0
114,deb,0.0,3.0,103.0,dosage,1,0
115,deb,0.0,4.0,97.0,dot2tex,1,0
116,deb,0.0,4.0,58.0,dput,0,0
117,deb,0.0,1.0,16.0,drbdlinks,1,0
118,deb,0.0,2.0,86.0,driconf,1,0
119,deb,0.0,2.0,58.0,drpython,1,0
120,deb,0.0,1.0,64.0,dstat,1,0
121,deb,0.0,2.0,70.0,dtc-xen,0,0
122,deb,0.0,3.0,78.0,dtrx,1,0
123,deb,0.0,1.0,66.0,duplicity,0,0
124,deb,0.0,2.0,68.0,dynagen,1,0
125,deb,0.0,1.0,70.0,editmoin,0,0
126,deb,0.0,2.0,51.0,editra,1,0
127,deb,0.0,2.0,37.0,electrum,0,1
128,deb,0.0,1.0,51.0,emma,1,0
129,deb,0.0,1.0,0.0,enjarify,0,1
130,deb,0.0,3.0,72.0,eog-plugins,0,0
131,deb,0.0,1.0,77.0,epigrass,1,0
132,deb,0.0,1.0,72.0,eric,0,0
133,deb,0.0,2.0,73.0,expeyes,0,0
134,deb,0.0,2.0,70.0,eyed3,0,0
135,deb,0.0,1.0,0.0,eyefiserver,1,0
136,deb,0.0,1.0,44.0,fail2ban,0,1
137,deb,0.0,2.0,40.0,fastaq,0,0
138,deb,0.0,3.0,12.0,fiona,0,0
139,deb,0.0,2.0,70.0,font-manager,1,0
140,deb,0.0,5.0,104.0,fonttools,0,0
141,deb,0.0,2.0,67.0,fontypython,0,0
142,deb,0.0,3.0,120.0,forg,1,0
143,deb,0.0,1.0,0.0,freealchemist,1,0
144,deb,0.0,2.0,63.0,frescobaldi,0,0
145,deb,0.0,1.0,40.0,fslint,0,0
146,deb,0.0,2.0,63.0,funkload,1,0
147,deb,0.0,3.0,83.0,funnyboat,1,0
148,deb,0.0,2.0,37.0,gadfly,1,0
149,deb,0.0,3.0,41.0,gajim,0,0
150,deb,0.0,1.0,12.0,galileo,0,0
151,deb,0.0,3.0,95.0,galternatives,0,0
152,deb,0.0,3.0,108.0,gambc,0,0
153,deb,0.0,3.0,71.0,game-data-packager,0,0
154,deb,0.0,1.0,62.0,gameclock,1,0
155,deb,0.0,3.0,69.0,ganeti-instance-debootstrap,0,0
156,deb,0.0,1.0,43.0,ganyremote,0,0
157,deb,0.0,1.0,77.0,gaupol,0,0
158,deb,0.0,3.0,57.0,gausssum,0,0
159,deb,0.0,2.0,47.0,gbirthday,1,0
160,deb,0.0,2.0,73.0,gcalcli,1,0
161,deb,0.0,1.0,0.0,gcp,0,0
162,deb,0.0,4.0,67.0,gdebi,0,0
163,deb,0.0,2.0,50.0,geda-xgsch2pcb,1,0
164,deb,0.0,1.0,27.0,geophar,0,0
165,deb,0.0,3.0,56.0,gespeaker,1,0
166,deb,0.0,1.0,0.0,getmail,0,0
167,deb,0.0,2.0,43.0,geximon,1,0
168,deb,0.0,1.0,25.0,gimp-plugin-registry,0,0
169,deb,0.0,1.0,0.0,git-big-picture,1,0
170,deb,0.0,2.0,3.0,git-phab,1,0
171,deb,0.0,1.0,31.0,gjots2,0,0
172,deb,0.0,2.0,61.0,glance,0,0
173,deb,0.0,3.0,41.0,glances,0,1
174,deb,0.0,1.0,16.0,gmail-notify,1,0
175,deb,0.0,3.0,71.0,gnome-boxes,0,0
176,deb,0.0,2.0,44.0,gnome-gmail,0,0
177,deb,0.0,1.0,0.0,gnome-mousetrap,0,0
178,deb,0.0,3.0,41.0,gnome-music,0,0
179,deb,0.0,3.0,41.0,gnome-sudoku,0,0
180,deb,0.0,2.0,47.0,gns3,1,0
181,deb,0.0,1.0,66.0,gnumed-client,0,0
182,deb,0.0,2.0,18.0,goldeneye,1,0
183,deb,0.0,2.0,30.0,goobook,0,0
184,deb,0.0,1.0,13.0,goopg,0,0
185,deb,0.0,1.0,81.0,gourmet,0,0
186,deb,0.0,2.0,45.0,gozerbot,1,0
187,deb,0.0,1.0,63.0,gpodder,0,0
188,deb,0.0,1.0,41.0,gpxviewer,1,0
189,deb,0.0,4.0,68.0,gramps,0,0
190,deb,0.0,3.0,72.0,grass,0,0
191,deb,0.0,1.0,78.0,grc,0,0
192,deb,0.0,1.0,20.0,griffith,1,0
193,deb,0.0,2.0,56.0,gtg,1,0
194,deb,0.0,1.0,35.0,gtimelog,0,0
195,deb,0.0,1.0,0.0,gtk-recordmydesktop,1,0
196,deb,0.0,2.0,71.0,gtklick,1,0
197,deb,0.0,1.0,0.0,gtranscribe,1,0
198,deb,0.0,2.0,73.0,gwakeonlan,1,0
199,deb,0.0,1.0,0.0,hatop,1,0
200,deb,0.0,3.0,76.0,heartbeat,0,0
201,deb,0.0,1.0,0.0,herculesstudio,1,0
202,deb,0.0,3.0,52.0,hplip,0,0
203,deb,0.0,2.0,40.0,i18nspector,0,0
204,deb,0.0,2.0,56.0,ibus-anthy,0,0
205,deb,0.0,2.0,58.0,ibus-hangul,0,0
206,deb,0.0,2.0,54.0,ibus-skk,0,0
207,deb,0.0,2.0,72.0,ibus-tegaki,1,0
208,deb,0.0,2.0,21.0,icdiff,0,1
209,deb,0.0,1.0,0.0,identicurse,1,0
210,deb,0.0,2.0,119.0,imediff2,1,0
211,deb,0.0,1.0,0.0,imgsizer,1,0
212,deb,0.0,3.0,59.0,imposm,0,0
213,deb,0.0,3.0,76.0,impressive,0,0
214,deb,0.0,1.0,63.0,imvirt,1,0
215,deb,0.0,2.0,102.0,inosync,0,0
216,deb,0.0,1.0,59.0,iotop,0,0
217,deb,0.0,2.0,63.0,ipcheck,1,0
218,deb,0.0,6.0,45.0,ipython,1,1
219,deb,0.0,1.0,36.0,isenkram,0,0
220,deb,0.0,2.0,74.0,isoquery,0,0
221,deb,0.0,1.0,28.0,isrcsubmit,0,0
222,deb,0.0,3.0,71.0,itstool,0,0
223,deb,0.0,1.0,0.0,iva,0,0
224,deb,0.0,2.0,62.0,jack,1,0
225,deb,0.0,1.0,58.0,jcc,1,0
226,deb,0.0,1.0,12.0,jupyter-console,1,0
227,deb,0.0,2.0,11.0,jupyter-notebook,0,0
228,deb,0.0,4.0,71.0,jython,1,0
229,deb,0.0,1.0,71.0,kanyremote,0,0
230,deb,0.0,1.0,14.0,kazam,1,0
231,deb,0.0,1.0,59.0,ketchup,1,0
232,deb,0.0,2.0,19.0,key-mon,1,0
233,deb,0.0,1.0,0.0,keymapper,1,0
234,deb,0.0,1.0,58.0,keystone,0,0
235,deb,0.0,3.0,9.0,khmer,0,0
236,deb,0.0,2.0,122.0,khmerconverter,1,0
237,deb,0.0,2.0,36.0,kiki,1,0
238,deb,0.0,1.0,13.0,klaus,0,0
239,deb,0.0,1.0,35.0,krank,1,0
240,deb,0.0,4.0,68.0,kupfer,0,0
241,deb,0.0,1.0,35.0,lava-coordinator,1,0
242,deb,0.0,2.0,41.0,lava-tool,0,0
243,deb,0.0,1.0,56.0,lazygal,0,0
244,deb,0.0,2.0,74.0,ldtp,0,0
245,deb,0.0,1.0,79.0,lfm,1,0
246,deb,0.0,3.0,65.0,libuser,1,0
247,deb,0.0,1.0,44.0,lightyears,1,0
248,deb,0.0,3.0,62.0,lilypond,0,0
249,deb,0.0,2.0,59.0,lincredits,1,0
250,deb,0.0,3.0,70.0,linkchecker,0,0
251,deb,0.0,3.0,62.0,loggerhead,1,0
252,deb,0.0,2.0,37.0,londonlaw,1,0
253,deb,0.0,2.0,41.0,loook,0,0
254,deb,0.0,1.0,29.0,lptools,1,0
255,deb,0.0,5.0,52.0,lxc,0,0
256,deb,0.0,1.0,0.0,magicor,1,0
257,deb,0.0,1.0,31.0,mailman,0,0
258,deb,0.0,1.0,0.0,mailplate,1,0
259,deb,0.0,1.0,10.0,makehuman,1,0
260,deb,0.0,1.0,68.0,mandos,0,0
261,deb,0.0,1.0,16.0,mapproxy,0,0
262,deb,0.0,1.0,7.0,matrix-synapse,0,0
263,deb,0.0,2.0,58.0,mayavi2,1,0
264,deb,0.0,3.0,66.0,meld,0,0
265,deb,0.0,3.0,39.0,mercurial,0,0
266,deb,0.0,2.0,41.0,meson,0,1
267,deb,0.0,1.0,79.0,mftrace,1,0
268,deb,0.0,3.0,72.0,mgltools-utpackages,0,0
269,deb,0.0,2.0,46.0,mimms,1,0
270,deb,0.0,2.0,77.0,mini-dinstall,1,0
271,deb,0.0,3.0,53.0,mirage,1,0
272,deb,0.0,2.0,59.0,mklibs,1,0
273,deb,0.0,1.0,49.0,mmass,1,0
274,deb,0.0,2.0,59.0,mnemosyne,0,0
275,deb,0.0,2.0,84.0,moap,1,0
276,deb,0.0,2.0,71.0,mobyle,0,0
277,deb,0.0,2.0,45.0,mock,1,1
278,deb,0.0,2.0,27.0,model-builder,1,0
279,deb,0.0,2.0,77.0,monajat,1,0
280,deb,0.0,3.0,81.0,monsterz,1,0
281,deb,0.0,2.0,29.0,mopidy,0,1
282,deb,0.0,2.0,68.0,mpd-sima,0,0
283,deb,0.0,1.0,48.0,mpdris2,0,0
284,deb,0.0,2.0,69.0,mpris-remote,1,0
285,deb,0.0,1.0,0.0,munin-libvirt-plugins,1,0
286,deb,0.0,1.0,4.0,murano-agent,1,0
287,deb,0.0,2.0,69.0,musiclibrarian,1,0
288,deb,0.0,3.0,69.0,mypaint,1,0
289,deb,0.0,2.0,61.0,nagios-plugins-contrib,1,0
290,deb,0.0,4.0,71.0,nagstamon,0,0
291,deb,0.0,1.0,14.0,nautilus-image-manipulator,1,0
292,deb,0.0,1.0,0.0,ndisgtk,1,0
293,deb,0.0,2.0,88.0,nfoview,0,0
294,deb,0.0,2.0,55.0,nicotine,1,0
295,deb,0.0,1.0,37.0,nicovideo-dl,1,0
296,deb,0.0,1.0,19.0,nik4,0,0
297,deb,0.0,1.0,72.0,ninix-aya,1,0
298,deb,0.0,3.0,41.0,ntlmaps,1,0
299,deb,0.0,2.0,71.0,nvidia-cg-toolkit,0,0
300,deb,0.0,2.0,54.0,obmenu,1,0
301,deb,0.0,3.0,68.0,ocrodjvu,0,0
302,deb,0.0,3.0,79.0,offlineimap,0,0
303,deb,0.0,1.0,65.0,oidua,1,0
304,deb,0.0,2.0,54.0,oneisenough,0,0
305,deb,0.0,2.0,18.0,onioncircuits,0,0
306,deb,0.0,2.0,105.0,ooo2dbk,1,0
307,deb,0.0,1.0,35.0,open-vm-tools,0,0
308,deb,0.0,2.0,78.0,opendict,0,0
309,deb,0.0,2.0,45.0,openscenegraph,1,0
310,deb,0.0,3.0,71.0,openstv,1,0
311,deb,0.0,1.0,34.0,osc,0,0
312,deb,0.0,2.0,76.0,othman,1,0
313,deb,0.0,2.0,60.0,packagekit,0,0
314,deb,0.0,2.0,35.0,pagekite,0,0
315,deb,0.0,1.0,19.0,painintheapt,0,0
316,deb,0.0,1.0,48.0,pastebinit,0,0
317,deb,0.0,2.0,87.0,pathological,0,0
318,deb,0.0,2.0,62.0,pdfposter,0,0
319,deb,0.0,3.0,71.0,pgloader,0,0
320,deb,0.0,3.0,81.0,phatch,1,0
321,deb,0.0,2.0,64.0,phenny,1,0
322,deb,0.0,2.0,33.0,photo-uploader,1,0
323,deb,0.0,2.0,32.0,photon,1,0
324,deb,0.0,2.0,65.0,picard,1,0
325,deb,0.0,4.0,68.0,pitivi,0,0
326,deb,0.0,1.0,71.0,piuparts,0,0
327,deb,0.0,4.0,85.0,pius,0,0
328,deb,0.0,2.0,67.0,pkpgcounter,1,0
329,deb,0.0,3.0,83.0,planet-venus,1,0
330,deb,0.0,1.0,126.0,plasmidomics,0,0
331,deb,0.0,1.0,61.0,playitslowly,0,0
332,deb,0.0,2.0,67.0,playonlinux,1,0
333,deb,0.0,1.0,32.0,pondus,0,0
334,deb,0.0,2.0,134.0,postnews,0,0
335,deb,0.0,2.0,44.0,pssh,1,0
336,deb,0.0,1.0,69.0,psychopy,1,0
337,deb,0.0,1.0,0.0,pubtal,1,0
338,deb,0.0,1.0,58.0,puddletag,1,0
339,deb,0.0,2.0,45.0,purity-ng,1,0
340,deb,0.0,1.0,51.0,pwman3,1,0
341,deb,0.0,1.0,0.0,pwrkap,1,0
342,deb,0.0,1.0,75.0,pybik,0,0
343,deb,0.0,3.0,94.0,pyblosxom,0,0
344,deb,0.0,2.0,30.0,pybridge,1,0
345,deb,0.0,4.0,80.0,pybtex,1,0
346,deb,0.0,1.0,73.0,pychecker,0,0
347,deb,0.0,1.0,49.0,pychess,1,0
348,deb,0.0,1.0,109.0,pycmail,1,0
349,deb,0.0,1.0,44.0,pycode-browser,0,0
350,deb,0.0,1.0,8.0,pycsw,0,0
351,deb,0.0,2.0,79.0,pydb,1,0
352,deb,0.0,1.0,39.0,pydf,1,0
353,deb,0.0,4.0,71.0,pyflakes,0,0
354,deb,0.0,2.0,39.0,pyftpd,1,0
355,deb,0.0,4.0,95.0,pygopherd,1,0
356,deb,0.0,1.0,77.0,pylint,0,1
357,deb,0.0,2.0,78.0,pymacs,1,0
358,deb,0.0,1.0,63.0,pymissile,1,0
359,deb,0.0,3.0,59.0,pymol,0,0
360,deb,0.0,1.0,0.0,pynagram,1,0
361,deb,0.0,1.0,7.0,pyosmium,0,0
362,deb,0.0,1.0,30.0,pype,1,0
363,deb,0.0,1.0,39.0,pypy,0,0
364,deb,0.0,2.0,65.0,pyracerz,1,0
365,deb,0.0,3.0,76.0,pyrit,1,0
366,deb,0.0,2.0,52.0,pyrite-publisher,1,0
367,deb,0.0,2.0,73.0,pyro,0,0
368,deb,0.0,1.0,30.0,pyroman,1,0
369,deb,0.0,2.0,68.0,pysatellites,1,0
370,deb,0.0,1.0,62.0,pyscrabble,1,0
371,deb,0.0,2.0,55.0,pysolfc,1,0
372,deb,0.0,2.0,80.0,pysycache,1,0
373,deb,0.0,1.0,0.0,pytagsfs,1,0
374,deb,0.0,1.0,68.0,python-aalib,0,0
375,deb,0.0,1.0,0.0,python-adns,1,0
376,deb,0.0,1.0,14.0,python-affine,0,0
377,deb,0.0,4.0,36.0,python-amqp,0,0
378,deb,0.0,1.0,0.0,python-antlr3,1,0
379,deb,0.0,1.0,17.0,python-aodhclient,0,0
380,deb,0.0,1.0,42.0,python-apptools,1,0
381,deb,0.0,1.0,73.0,python-apsw,1,0
382,deb,0.0,2.0,53.0,python-apt,0,0
383,deb,0.0,2.0,58.0,python-authkit,1,0
384,deb,0.0,2.0,58.0,python-autobahn,0,0
385,deb,0.0,1.0,4.0,python-automaton,0,0
386,deb,0.0,2.0,58.0,python-axiom,1,0
387,deb,0.0,3.0,82.0,python-babel,1,0
388,deb,0.0,1.0,40.0,python-barbicanclient,0,0
389,deb,0.0,2.0,42.0,python-bashate,0,0
390,deb,0.0,1.0,46.0,python-bibtex,1,0
391,deb,0.0,3.0,75.0,python-biopython,0,0
392,deb,0.0,1.0,60.0,python-boto,1,0
393,deb,0.0,2.0,35.0,python-bottle,1,0
394,deb,0.0,1.0,17.0,python-castellan,0,0
395,deb,0.0,2.0,133.0,python-cddb,1,0
396,deb,0.0,2.0,45.0,python-ceilometerclient,0,0
397,deb,0.0,2.0,3.0,python-ceilometermiddleware,0,0
398,deb,0.0,2.0,82.0,python-cherrypy,1,0
399,deb,0.0,1.0,45.0,python-cinderclient,0,0
400,deb,0.0,1.0,0.0,python-click-plugins,0,0
401,deb,0.0,3.0,39.0,python-cliff,0,0
402,deb,0.0,1.0,0.0,python-cligj,0,0
403,deb,0.0,2.0,34.0,python-cloudfiles,1,0
404,deb,0.0,1.0,2.0,python-cobra,1,0
405,deb,0.0,2.0,75.0,python-cogent,0,0
406,deb,0.0,3.0,73.0,python-concurrent.futures,0,0
407,deb,0.0,1.0,17.0,python-congressclient,0,0
408,deb,0.0,2.0,17.0,python-couleur,1,0
409,deb,0.0,2.0,69.0,python-coverage,0,0
410,deb,0.0,2.0,47.0,python-cpl,0,0
411,deb,0.0,2.0,3.0,python-crank,1,0
412,deb,0.0,2.0,22.0,python-crcmod,0,0
413,deb,0.0,3.0,33.0,python-croniter,1,0
414,deb,0.0,1.0,52.0,python-crypto,0,0
415,deb,0.0,2.0,40.0,python-csb,0,0
416,deb,0.0,1.0,5.0,python-csscompressor,1,0
417,deb,0.0,2.0,76.0,python-daap,1,0
418,deb,0.0,3.0,90.0,python-daemon,0,1
419,deb,0.0,1.0,38.0,python-daemonize,0,0
420,deb,0.0,1.0,0.0,python-dcos,1,0
421,deb,0.0,1.0,37.0,python-ddt,0,0
422,deb,0.0,3.0,80.0,python-debian,0,0
423,deb,0.0,2.0,70.0,python-debianbts,0,0
424,deb,0.0,1.0,4.0,python-debtcollector,0,0
425,deb,0.0,1.0,70.0,python-decorator,0,0
426,deb,0.0,1.0,0.0,python-descartes,0,0
427,deb,0.0,1.0,45.0,python-designateclient,0,0
428,deb,0.0,2.0,83.0,python-dhm,1,0
429,deb,0.0,1.0,0.0,python-dib-utils,0,0
430,deb,0.0,2.0,42.0,python-diff-match-patch,0,0
431,deb,0.0,1.0,11.0,python-diskimage-builder,0,0
432,deb,0.0,5.0,38.0,python-django,0,0
433,deb,0.0,3.0,40.0,python-django-appconf,0,0
434,deb,0.0,2.0,11.0,python-django-babel,0,0
435,deb,0.0,1.0,41.0,python-django-compressor,0,0
436,deb,0.0,2.0,19.0,python-django-formtools,1,0
437,deb,0.0,1.0,5.0,python-django-overextends,1,0
438,deb,0.0,1.0,39.0,python-django-pyscss,0,0
439,deb,0.0,2.0,61.0,python-django-registration,1,0
440,deb,0.0,1.0,6.0,python-dns,0,0
441,deb,0.0,2.0,3.0,python-doc8,0,0
442,deb,0.0,3.0,67.0,python-docutils,0,0
443,deb,0.0,1.0,37.0,python-dogpile.cache,0,0
444,deb,0.0,1.0,80.0,python-dsv,0,0
445,deb,0.0,2.0,3.0,python-editor,0,0
446,deb,0.0,4.0,39.0,python-elasticsearch,1,0
447,deb,0.0,1.0,0.0,python-enthoughtbase,1,0
448,deb,0.0,4.0,66.0,python-eventlet,0,0
449,deb,0.0,1.0,45.0,python-extras,0,0
450,deb,0.0,1.0,30.0,python-falcon,1,0
451,deb,0.0,2.0,3.0,python-fasteners,1,0
452,deb,0.0,2.0,65.0,python-fastimport,0,0
453,deb,0.0,1.0,0.0,python-fcgi,1,0
454,deb,0.0,2.0,40.0,python-fitbit,0,0
455,deb,0.0,3.0,55.0,python-fixtures,1,0
456,deb,0.0,3.0,77.0,python-formencode,0,0
457,deb,0.0,1.0,0.0,python-frozendict,1,0
458,deb,0.0,2.0,1.0,python-funcsigs,0,0
459,deb,0.0,1.0,11.0,python-functools32,1,0
460,deb,0.0,1.0,61.0,python-fuse,0,0
461,deb,0.0,1.0,3.0,python-future,1,0
462,deb,0.0,2.0,1.0,python-futurist,0,0
463,deb,0.0,1.0,17.0,python-gabbi,0,0
464,deb,0.0,1.0,13.0,python-gammu,0,0
465,deb,0.0,1.0,56.0,python-gasp,1,0
466,deb,0.0,2.0,60.0,python-gd,1,0
467,deb,0.0,1.0,19.0,python-gdata,1,0
468,deb,0.0,2.0,19.0,python-gear,0,0
469,deb,0.0,2.0,62.0,python-geoip,1,0
470,deb,0.0,1.0,24.0,python-geojson,0,0
471,deb,0.0,1.0,4.0,python-geopandas,0,0
472,deb,0.0,4.0,71.0,python-git,0,0
473,deb,0.0,2.0,39.0,python-glance-store,0,0
474,deb,0.0,1.0,46.0,python-glanceclient,0,1
475,deb,0.0,2.0,17.0,python-gnocchiclient,0,0
476,deb,0.0,2.0,72.0,python-gnuplot,1,0
477,deb,0.0,2.0,47.0,python-hacking,0,0
478,deb,0.0,2.0,45.0,python-heatclient,0,0
479,deb,0.0,1.0,0.0,python-hp3parclient,1,0
480,deb,0.0,1.0,0.0,python-hplefthandclient,0,0
481,deb,0.0,1.0,58.0,python-html2text,0,0
482,deb,0.0,2.0,119.0,python-htmltmpl,1,0
483,deb,0.0,3.0,42.0,python-httplib2,1,0
484,deb,0.0,2.0,29.0,python-httpretty,1,0
485,deb,0.0,1.0,0.0,python-hurry.filesize,0,0
486,deb,0.0,2.0,119.0,python-id3,1,0
487,deb,0.0,2.0,55.0,python-iniparse,1,0
488,deb,0.0,1.0,17.0,python-ironic-inspector-client,0,0
489,deb,0.0,2.0,18.0,python-ironic-lib,0,0
490,deb,0.0,2.0,42.0,python-ironicclient,0,0
491,deb,0.0,3.0,42.0,python-jenkins,0,0
492,deb,0.0,3.0,40.0,python-json-pointer,1,0
493,deb,0.0,2.0,35.0,python-jsonpath-rw,0,0
494,deb,0.0,2.0,3.0,python-jsonpath-rw-ext,0,0
495,deb,0.0,2.0,58.0,python-jsonrpclib,0,0
496,deb,0.0,4.0,71.0,python-jsonschema,0,0
497,deb,0.0,1.0,19.0,python-kafka,0,0
498,deb,0.0,2.0,65.0,python-keyczar,0,0
499,deb,0.0,5.0,64.0,python-keyring,0,0
500,deb,0.0,3.0,16.0,python-keystoneauth1,0,0
501,deb,0.0,2.0,54.0,python-keystoneclient,0,0
502,deb,0.0,2.0,26.0,python-keystonemiddleware,0,0
503,deb,0.0,1.0,0.0,python-l20n,0,0
504,deb,0.0,4.0,69.0,python-launchpadlib,0,0
505,deb,0.0,3.0,72.0,python-ldap,0,0
506,deb,0.0,1.0,26.0,python-ldappool,0,0
507,deb,0.0,1.0,0.0,python-lesscpy,0,0
508,deb,0.0,2.0,3.0,python-linecache2,1,0
509,deb,0.0,1.0,13.0,python-logutils,1,0
510,deb,0.0,2.0,17.0,python-magnumclient,0,0
511,deb,0.0,2.0,17.0,python-manilaclient,0,0
512,deb,0.0,1.0,18.0,python-mapnik,0,0
513,deb,0.0,1.0,0.0,python-mechanize,1,0
514,deb,0.0,1.0,0.0,python-medusa,1,0
515,deb,0.0,3.0,59.0,python-memcache,1,0
516,deb,0.0,1.0,0.0,python-minimock,1,0
517,deb,0.0,1.0,19.0,python-misaka,1,0
518,deb,0.0,2.0,17.0,python-mistralclient,0,0
519,deb,0.0,1.0,4.0,python-monotonic,1,0
520,deb,0.0,1.0,38.0,python-mox,1,0
521,deb,0.0,1.0,32.0,python-mox3,0,0
522,deb,0.0,2.0,56.0,python-mpd,0,0
523,deb,0.0,2.0,43.0,python-mpop,0,0
524,deb,0.0,2.0,1.0,python-multi-key-dict,1,0
525,deb,0.0,2.0,16.0,python-muranoclient,0,0
526,deb,0.0,1.0,3.0,python-neovim,0,0
527,deb,0.0,3.0,52.0,python-networkx,0,0
528,deb,0.0,2.0,17.0,python-neutron-lib,0,0
529,deb,0.0,1.0,39.0,python-neutronclient,0,0
530,deb,0.0,3.0,63.0,python-nmap,1,0
531,deb,0.0,2.0,21.0,python-nose-exclude,0,0
532,deb,0.0,2.0,10.0,python-nose-parameterized,1,0
533,deb,0.0,1.0,0.0,python-nose-testconfig,0,0
534,deb,0.0,1.0,4.0,python-nose-timer,1,0
535,deb,0.0,2.0,35.0,python-nosehtmloutput,1,0
536,deb,0.0,3.0,63.0,python-novaclient,0,0
537,deb,0.0,5.0,62.0,python-numpy,0,0
538,deb,0.0,2.0,58.0,python-oauth,1,0
539,deb,0.0,1.0,41.0,python-oauth2client,0,0
540,deb,0.0,2.0,37.0,python-odf,0,0
541,deb,0.0,3.0,42.0,python-openstackclient,0,0
542,deb,0.0,2.0,15.0,python-openstackdocstheme,0,0
543,deb,0.0,2.0,17.0,python-openstacksdk,0,0
544,deb,0.0,2.0,16.0,python-os-brick,0,0
545,deb,0.0,1.0,20.0,python-os-client-config,0,0
546,deb,0.0,1.0,0.0,python-os-collect-config,1,0
547,deb,0.0,2.0,17.0,python-os-testr,0,0
548,deb,0.0,1.0,18.0,python-os-win,0,0
549,deb,0.0,2.0,33.0,python-osd,0,0
550,deb,0.0,2.0,12.0,python-oslo.cache,0,0
551,deb,0.0,2.0,14.0,python-oslo.concurrency,0,0
552,deb,0.0,1.0,17.0,python-oslo.config,0,0
553,deb,0.0,2.0,15.0,python-oslo.context,0,0
554,deb,0.0,2.0,40.0,python-oslo.db,0,0
555,deb,0.0,2.0,39.0,python-oslo.i18n,0,0
556,deb,0.0,2.0,13.0,python-oslo.log,0,0
557,deb,0.0,2.0,20.0,python-oslo.messaging,0,0
558,deb,0.0,1.0,15.0,python-oslo.middleware,0,0
559,deb,0.0,2.0,15.0,python-oslo.policy,0,0
560,deb,0.0,2.0,12.0,python-oslo.privsep,0,0
561,deb,0.0,2.0,16.0,python-oslo.reports,0,0
562,deb,0.0,2.0,15.0,python-oslo.rootwrap,0,0
563,deb,0.0,2.0,15.0,python-oslo.serialization,0,0
564,deb,0.0,2.0,17.0,python-oslo.service,0,0
565,deb,0.0,2.0,32.0,python-oslo.utils,0,0
566,deb,0.0,2.0,15.0,python-oslo.versionedobjects,0,0
567,deb,0.0,1.0,41.0,python-oslo.vmware,0,0
568,deb,0.0,1.0,42.0,python-oslotest,0,0
569,deb,0.0,1.0,10.0,python-osmapi,0,0
570,deb,0.0,1.0,41.0,python-osprofiler,0,0
571,deb,0.0,1.0,0.0,python-pager,1,0
572,deb,0.0,3.0,44.0,python-pam,1,0
573,deb,0.0,3.0,44.0,python-pbr,0,0
574,deb,0.0,1.0,9.0,python-pdal,0,0
575,deb,0.0,1.0,28.0,python-pecan,0,0
576,deb,0.0,3.0,21.0,python-pika-pool,1,0
577,deb,0.0,2.0,38.0,python-pint,0,0
578,deb,0.0,2.0,59.0,python-pip,0,0
579,deb,0.0,1.0,0.0,python-pmw,1,0
580,deb,0.0,1.0,4.0,python-positional,1,0
581,deb,0.0,1.0,0.0,python-posix-ipc,0,0
582,deb,0.0,3.0,115.0,python-pqueue,1,0
583,deb,0.0,2.0,46.0,python-proboscis,0,0
584,deb,0.0,2.0,16.0,python-proliantutils,0,0
585,deb,0.0,1.0,26.0,python-pulp,0,0
586,deb,0.0,1.0,29.0,python-pycadf,0,0
587,deb,0.0,2.0,83.0,python-pychart,1,0
588,deb,0.0,1.0,7.0,python-pyeclib,0,0
589,deb,0.0,2.0,43.0,python-pyghmi,0,0
590,deb,0.0,2.0,25.0,python-pygit2,0,0
591,deb,0.0,2.0,61.0,python-pygraphviz,1,0
592,deb,0.0,2.0,13.0,python-pykmip,0,0
593,deb,0.0,1.0,2.0,python-pylxd,1,0
594,deb,0.0,2.0,20.0,python-pymemcache,1,0
595,deb,0.0,1.0,0.0,python-pymetar,1,0
596,deb,0.0,1.0,12.0,python-pymysql,0,0
597,deb,0.0,1.0,6.0,python-pyngus,0,0
598,deb,0.0,3.0,82.0,python-pyproj,0,0
599,deb,0.0,2.0,40.0,python-pypump,1,0
600,deb,0.0,1.0,30.0,python-pysaml2,0,0
601,deb,0.0,2.0,73.0,python-pysnmp4,0,0
602,deb,0.0,1.0,0.0,python-pysnmp4-apps,1,0
603,deb,0.0,1.0,0.0,python-pysnmp4-mibs,1,0
604,deb,0.0,1.0,41.0,python-pysqlite2,1,0
605,deb,0.0,2.0,3.0,python-pytimeparse,1,0
606,deb,0.0,2.0,39.0,python-pyvmomi,1,0
607,deb,0.0,1.0,5.0,python-rcssmin,1,0
608,deb,0.0,1.0,19.0,python-rednose,1,0
609,deb,0.0,1.0,18.0,python-reno,0,0
610,deb,0.0,3.0,79.0,python-reportlab,0,0
611,deb,0.0,1.0,23.0,python-requestbuilder,1,0
612,deb,0.0,3.0,38.0,python-requests-kerberos,0,0
613,deb,0.0,3.0,43.0,python-requests-mock,0,0
614,deb,0.0,2.0,7.0,python-requests-unixsocket,1,0
615,deb,0.0,2.0,21.0,python-requestsexceptions,0,0
616,deb,0.0,1.0,0.0,python-restructuredtext-lint,1,0
617,deb,0.0,2.0,18.0,python-retrying,0,0
618,deb,0.0,1.0,29.0,python-rfc3986,1,0
619,deb,0.0,1.0,2.0,python-rjsmin,1,0
620,deb,0.0,2.0,23.0,python-roman,0,0
621,deb,0.0,1.0,0.0,python-rtree,0,0
622,deb,0.0,2.0,20.0,python-rtslib-fb,1,0
623,deb,0.0,2.0,45.0,python-saharaclient,0,0
624,deb,0.0,1.0,1.0,python-scciclient,0,0
625,deb,0.0,1.0,62.0,python-scipy,0,0
626,deb,0.0,1.0,25.0,python-seamicroclient,1,0
627,deb,0.0,1.0,2.0,python-semantic-version,1,0
628,deb,0.0,2.0,18.0,python-semver,0,0
629,deb,0.0,1.0,17.0,python-senlinclient,0,0
630,deb,0.0,1.0,12.0,python-sentinels,1,0
631,deb,0.0,2.0,43.0,python-setuptools,0,0
632,deb,0.0,2.0,75.0,python-shapely,0,0
633,deb,0.0,2.0,56.0,python-simpy,1,0
634,deb,0.0,1.0,0.0,python-snuggs,0,0
635,deb,0.0,2.0,73.0,python-soappy,1,0
636,deb,0.0,1.0,35.0,python-sockjs-tornado,1,0
637,deb,0.0,2.0,39.0,python-sphinxcontrib.plantuml,0,0
638,deb,0.0,1.0,19.0,python-sqlalchemy-utils,0,0
639,deb,0.0,1.0,44.0,python-sqlite,1,0
640,deb,0.0,1.0,0.0,python-statsd,1,0
641,deb,0.0,1.0,72.0,python-stdnum,0,0
642,deb,0.0,1.0,18.0,python-stetl,0,0
643,deb,0.0,1.0,0.0,python-stringtemplate3,0,0
644,deb,0.0,1.0,7.0,python-sure,0,0
645,deb,0.0,2.0,41.0,python-swiftclient,0,1
646,deb,0.0,1.0,9.0,python-systemd,0,0
647,deb,0.0,1.0,2.0,python-sysv-ipc,1,0
648,deb,0.0,1.0,58.0,python-tablib,0,0
649,deb,0.0,2.0,41.0,python-taskflow,0,0
650,deb,0.0,3.0,139.0,python-tcpwrap,1,0
651,deb,0.0,2.0,74.0,python-tempita,1,0
652,deb,0.0,1.0,0.0,python-termcolor,0,0
653,deb,0.0,1.0,0.0,python-termstyle,0,0
654,deb,0.0,2.0,68.0,python-testscenarios,1,0
655,deb,0.0,6.0,74.0,python-testtools,0,0
656,deb,0.0,2.0,84.0,python-textile,0,0
657,deb,0.0,1.0,0.0,python-toml,0,0
658,deb,0.0,2.0,40.0,python-tooz,0,0
659,deb,0.0,1.0,0.0,python-tosca-parser,1,0
660,deb,0.0,2.0,3.0,python-traceback2,0,0
661,deb,0.0,3.0,40.0,python-trollius,1,0
662,deb,0.0,1.0,45.0,python-troveclient,0,0
663,deb,0.0,1.0,20.0,python-tuskarclient,1,0
664,deb,0.0,1.0,48.0,python-twitter,1,1
665,deb,0.0,2.0,16.0,python-txaio,0,0
666,deb,0.0,4.0,65.0,python-tz,0,0
667,deb,0.0,1.0,0.0,python-ucltip,1,0
668,deb,0.0,2.0,85.0,python-utmp,1,0
669,deb,0.0,2.0,57.0,python-virtualenv,0,0
670,deb,0.0,2.0,5.0,python-visual,1,0
671,deb,0.0,2.0,79.0,python-vobject,0,0
672,deb,0.0,2.0,37.0,python-wadllib,0,0
673,deb,0.0,1.0,12.0,python-waiting,1,0
674,deb,0.0,1.0,37.0,python-warlock,0,0
675,deb,0.0,2.0,21.0,python-weakrefmethod,0,0
676,deb,0.0,2.0,63.0,python-weberror,1,0
677,deb,0.0,3.0,64.0,python-webob,0,0
678,deb,0.0,2.0,76.0,python-werkzeug,0,0
679,deb,0.0,3.0,77.0,python-whiteboard,1,0
680,deb,0.0,4.0,71.0,python-whoosh,1,0
681,deb,0.0,2.0,42.0,python-wrapt,1,0
682,deb,0.0,1.0,41.0,python-wsgi-intercept,0,0
683,deb,0.0,1.0,19.0,python-wsme,0,0
684,deb,0.0,2.0,58.0,python-xattr,0,0
685,deb,0.0,2.0,105.0,python-xlib,0,0
686,deb,0.0,2.0,87.0,python-xmpp,1,0
687,deb,0.0,2.0,8.0,python-xstatic,0,0
688,deb,0.0,2.0,32.0,python-xstatic-angular,0,0
689,deb,0.0,1.0,35.0,python-xstatic-angular-bootstrap,0,0
690,deb,0.0,1.0,27.0,python-xstatic-angular-gettext,0,0
691,deb,0.0,1.0,1.0,python-xstatic-angular-lrdragndrop,0,0
692,deb,0.0,2.0,7.0,python-xstatic-bootstrap-datepicker,0,0
693,deb,0.0,2.0,37.0,python-xstatic-bootstrap-scss,0,0
694,deb,0.0,1.0,26.0,python-xstatic-bootswatch,0,0
695,deb,0.0,2.0,36.0,python-xstatic-d3,0,0
696,deb,0.0,2.0,40.0,python-xstatic-font-awesome,0,0
697,deb,0.0,2.0,9.0,python-xstatic-hogan,0,0
698,deb,0.0,2.0,35.0,python-xstatic-jasmine,0,0
699,deb,0.0,2.0,31.0,python-xstatic-jquery,0,0
700,deb,0.0,2.0,9.0,python-xstatic-jquery-migrate,0,0
701,deb,0.0,1.0,27.0,python-xstatic-jquery-ui,0,0
702,deb,0.0,2.0,9.0,python-xstatic-jquery.quicksearch,0,0
703,deb,0.0,1.0,1.0,python-xstatic-jquery.tablesorter,0,0
704,deb,0.0,2.0,41.0,python-xstatic-jsencrypt,0,0
705,deb,0.0,1.0,2.0,python-xstatic-magic-search,0,0
706,deb,0.0,1.0,0.0,python-xstatic-mdi,0,0
707,deb,0.0,2.0,8.0,python-xstatic-qunit,0,0
708,deb,0.0,2.0,8.0,python-xstatic-rickshaw,0,0
709,deb,0.0,1.0,28.0,python-xstatic-roboto-fontface,0,0
710,deb,0.0,2.0,36.0,python-xstatic-smart-table,0,0
711,deb,0.0,2.0,9.0,python-xstatic-spin,0,0
712,deb,0.0,1.0,32.0,python-xstatic-term.js,0,0
713,deb,0.0,1.0,32.0,python-xvfbwrapper,0,0
714,deb,0.0,2.0,25.0,python-yaql,0,0
715,deb,0.0,2.0,116.0,python-yenc,1,0
716,deb,0.0,1.0,0.0,python-zake,0,0
717,deb,0.0,1.0,17.0,python-zaqarclient,0,0
718,deb,0.0,1.0,8.0,python3-proselint,0,0
719,deb,0.0,1.0,0.0,pythoncad,1,0
720,deb,0.0,1.0,0.0,pyvnc2swf,1,0
721,deb,0.0,1.0,5.0,pywps,0,0
722,deb,0.0,2.0,100.0,pyzor,1,0
723,deb,0.0,3.0,69.0,qbzr,0,0
724,deb,0.0,2.0,70.0,qct,1,0
725,deb,0.0,2.0,44.0,qemu,0,0
726,deb,0.0,3.0,106.0,qemuctl,1,0
727,deb,0.0,3.0,70.0,quodlibet,0,0
728,deb,0.0,2.0,39.0,radicale,0,0
729,deb,0.0,1.0,56.0,radiotray,1,0
730,deb,0.0,2.0,72.0,rainbow,1,0
731,deb,0.0,2.0,61.0,ranger,1,1
732,deb,0.0,2.0,39.0,rapid-photo-downloader,0,0
733,deb,0.0,1.0,13.0,rasterio,0,0
734,deb,0.0,2.0,77.0,rawdog,1,0
735,deb,0.0,1.0,0.0,rdiff-backup,1,0
736,deb,0.0,2.0,10.0,rebuildd,1,0
737,deb,0.0,1.0,63.0,relational,0,0
738,deb,0.0,3.0,71.0,renpy,0,0
739,deb,0.0,2.0,44.0,reportbug,0,0
740,deb,0.0,2.0,66.0,retext,0,0
741,deb,0.0,1.0,5.0,rhinote,0,0
742,deb,0.0,1.0,120.0,rpl,1,0
743,deb,0.0,3.0,69.0,rss2email,1,0
744,deb,0.0,1.0,45.0,rubber,0,0
745,deb,0.0,2.0,70.0,s3cmd,0,1
746,deb,0.0,2.0,62.0,sabnzbdplus,0,0
747,deb,0.0,2.0,12.0,sagemath,0,0
748,deb,0.0,2.0,10.0,sahara,0,0
749,deb,0.0,3.0,59.0,schroot,0,0
750,deb,0.0,2.0,65.0,scolasync,1,0
751,deb,0.0,4.0,81.0,scons,0,0
752,deb,0.0,2.0,67.0,screenkey,1,0
753,deb,0.0,2.0,30.0,seahorse-adventures,0,0
754,deb,0.0,2.0,63.0,selinux-basics,1,0
755,deb,0.0,3.0,53.0,sgmltools-lite,1,0
756,deb,0.0,1.0,1.0,shoogle,0,0
757,deb,0.0,1.0,0.0,singularity,1,0
758,deb,0.0,2.0,43.0,sinntp,1,0
759,deb,0.0,2.0,67.0,slingshot,1,0
760,deb,0.0,1.0,47.0,smem,1,0
761,deb,0.0,2.0,76.0,snowballz,0,0
762,deb,0.0,2.0,129.0,solarwolf,1,0
763,deb,0.0,1.0,17.0,solfege,0,0
764,deb,0.0,3.0,80.0,sonata,0,0
765,deb,0.0,3.0,57.0,songwrite,1,0
766,deb,0.0,1.0,28.0,sortsmill-tools,1,0
767,deb,0.0,2.0,69.0,soundconverter,0,0
768,deb,0.0,3.0,18.0,spades,0,0
769,deb,0.0,4.0,77.0,spambayes,0,0
770,deb,0.0,3.0,44.0,spectacle,1,0
771,deb,0.0,2.0,67.0,spyder,0,1
772,deb,0.0,2.0,69.0,ssake,0,0
773,deb,0.0,2.0,43.0,sshfp,1,0
774,deb,0.0,2.0,71.0,stgit,1,0
775,deb,0.0,1.0,72.0,streamtuner2,0,0
776,deb,0.0,2.0,26.0,subdownloader,1,0
777,deb,0.0,4.0,71.0,subunit,0,0
778,deb,0.0,2.0,42.0,subversion,0,0
779,deb,0.0,1.0,70.0,sugar-calculate-activity,1,0
780,deb,0.0,4.0,48.0,supervisor,1,1
781,deb,0.0,2.0,77.0,supybot,0,0
782,deb,0.0,1.0,0.0,svgtune,1,0
783,deb,0.0,1.0,0.0,svn-load,1,0
784,deb,0.0,3.0,84.0,svn-workbench,0,0
785,deb,0.0,3.0,84.0,svnmailer,1,0
786,deb,0.0,3.0,85.0,swaml,1,0
787,deb,0.0,1.0,0.0,swap-cwm,1,0
788,deb,0.0,1.0,13.0,swauth,0,0
789,deb,0.0,2.0,57.0,swift,0,0
790,deb,0.0,2.0,19.0,swift-bench,0,0
791,deb,0.0,2.0,48.0,synopsis,1,0
792,deb,0.0,1.0,38.0,taskcoach,0,0
793,deb,0.0,1.0,0.0,tcvt,1,0
794,deb,0.0,1.0,0.0,tegaki-recognize,1,0
795,deb,0.0,2.0,70.0,tegaki-train,1,0
796,deb,0.0,1.0,15.0,tempest,0,0
797,deb,0.0,3.0,89.0,terminator,0,0
798,deb,0.0,3.0,62.0,tessa,1,0
799,deb,0.0,2.0,51.0,testrepository,0,0
800,deb,0.0,3.0,73.0,thuban,0,0
801,deb,0.0,2.0,83.0,tilecache,0,0
802,deb,0.0,2.0,62.0,tilestache,0,0
803,deb,0.0,1.0,75.0,tinyeartrainer,1,0
804,deb,0.0,1.0,0.0,tinywm,1,0
805,deb,0.0,1.0,68.0,tortoisehg,0,0
806,deb,0.0,2.0,41.0,totalopenstation,0,0
807,deb,0.0,2.0,44.0,trac,0,0
808,deb,0.0,2.0,68.0,translate-toolkit,0,0
809,deb,0.0,3.0,57.0,trash-cli,1,0
810,deb,0.0,2.0,49.0,treeline,0,0
811,deb,0.0,2.0,63.0,trimage,1,0
812,deb,0.0,1.0,67.0,tritium,1,0
813,deb,0.0,1.0,53.0,tryton-client,0,0
814,deb,0.0,1.0,66.0,tryton-modules-account,0,0
815,deb,0.0,1.0,39.0,tryton-modules-account-asset,0,0
816,deb,0.0,2.0,69.0,tryton-modules-account-be,0,0
817,deb,0.0,1.0,39.0,tryton-modules-account-credit-limit,0,0
818,deb,0.0,2.0,69.0,tryton-modules-account-de-skr03,0,0
819,deb,0.0,1.0,12.0,tryton-modules-account-deposit,0,0
820,deb,0.0,1.0,39.0,tryton-modules-account-dunning,0,0
821,deb,0.0,1.0,39.0,tryton-modules-account-dunning-letter,0,0
822,deb,0.0,1.0,39.0,tryton-modules-account-fr,0,0
823,deb,0.0,2.0,66.0,tryton-modules-account-invoice,0,0
824,deb,0.0,2.0,69.0,tryton-modules-account-invoice-history,0,0
825,deb,0.0,2.0,69.0,tryton-modules-account-invoice-line-standalone,0,0
826,deb,0.0,1.0,39.0,tryton-modules-account-invoice-stock,0,0
827,deb,0.0,1.0,39.0,tryton-modules-account-payment,0,0
828,deb,0.0,1.0,12.0,tryton-modules-account-payment-clearing,0,0
829,deb,0.0,1.0,39.0,tryton-modules-account-payment-sepa,0,0
830,deb,0.0,1.0,12.0,tryton-modules-account-payment-sepa-cfonb,0,0
831,deb,0.0,2.0,69.0,tryton-modules-account-product,0,0
832,deb,0.0,1.0,66.0,tryton-modules-account-statement,0,0
833,deb,0.0,1.0,39.0,tryton-modules-account-stock-anglo-saxon,0,0
834,deb,0.0,1.0,39.0,tryton-modules-account-stock-continental,0,0
835,deb,0.0,1.0,12.0,tryton-modules-account-stock-landed-cost,0,0
836,deb,0.0,1.0,12.0,tryton-modules-account-stock-landed-cost-weight,0,0
837,deb,0.0,1.0,12.0,tryton-modules-account-tax-rule-country,0,0
838,deb,0.0,2.0,69.0,tryton-modules-analytic-account,0,0
839,deb,0.0,2.0,69.0,tryton-modules-analytic-invoice,0,0
840,deb,0.0,2.0,69.0,tryton-modules-analytic-purchase,0,0
841,deb,0.0,2.0,69.0,tryton-modules-analytic-sale,0,0
842,deb,0.0,1.0,39.0,tryton-modules-bank,0,0
843,deb,0.0,1.0,39.0,tryton-modules-carrier,0,0
844,deb,0.0,1.0,39.0,tryton-modules-carrier-percentage,0,0
845,deb,0.0,1.0,39.0,tryton-modules-carrier-weight,0,0
846,deb,0.0,1.0,10.0,tryton-modules-commission,0,0
847,deb,0.0,1.0,12.0,tryton-modules-commission-waiting,0,0
848,deb,0.0,2.0,69.0,tryton-modules-company,0,0
849,deb,0.0,2.0,69.0,tryton-modules-company-work-time,0,0
850,deb,0.0,2.0,69.0,tryton-modules-country,0,0
851,deb,0.0,2.0,69.0,tryton-modules-currency,0,0
852,deb,0.0,1.0,12.0,tryton-modules-customs,0,0
853,deb,0.0,2.0,69.0,tryton-modules-dashboard,0,0
854,deb,0.0,2.0,69.0,tryton-modules-google-maps,0,0
855,deb,0.0,2.0,69.0,tryton-modules-ldap-authentication,0,0
856,deb,0.0,2.0,69.0,tryton-modules-party,0,0
857,deb,0.0,1.0,39.0,tryton-modules-party-relationship,0,0
858,deb,0.0,2.0,69.0,tryton-modules-party-siret,0,0
859,deb,0.0,1.0,66.0,tryton-modules-product,0,0
860,deb,0.0,1.0,39.0,tryton-modules-product-attribute,0,0
861,deb,0.0,1.0,12.0,tryton-modules-product-classification,0,0
862,deb,0.0,1.0,12.0,tryton-modules-product-classification-taxonomic,0,0
863,deb,0.0,2.0,69.0,tryton-modules-product-cost-fifo,0,0
864,deb,0.0,2.0,69.0,tryton-modules-product-cost-history,0,0
865,deb,0.0,1.0,39.0,tryton-modules-product-measurements,0,0
866,deb,0.0,2.0,69.0,tryton-modules-product-price-list,0,0
867,deb,0.0,1.0,39.0,tryton-modules-production,0,0
868,deb,0.0,1.0,12.0,tryton-modules-production-routing,0,0
869,deb,0.0,1.0,12.0,tryton-modules-production-work,0,0
870,deb,0.0,2.0,69.0,tryton-modules-project,0,0
871,deb,0.0,1.0,39.0,tryton-modules-project-invoice,0,0
872,deb,0.0,2.0,69.0,tryton-modules-project-plan,0,0
873,deb,0.0,2.0,66.0,tryton-modules-project-revenue,0,0
874,deb,0.0,2.0,69.0,tryton-modules-purchase,0,0
875,deb,0.0,2.0,69.0,tryton-modules-purchase-invoice-line-standalone,0,0
876,deb,0.0,1.0,12.0,tryton-modules-purchase-request,0,0
877,deb,0.0,1.0,39.0,tryton-modules-purchase-shipment-cost,0,0
878,deb,0.0,2.0,69.0,tryton-modules-sale,0,0
879,deb,0.0,1.0,12.0,tryton-modules-sale-complaint,0,0
880,deb,0.0,1.0,39.0,tryton-modules-sale-credit-limit,0,0
881,deb,0.0,1.0,12.0,tryton-modules-sale-extra,0,0
882,deb,0.0,1.0,39.0,tryton-modules-sale-invoice-grouping,0,0
883,deb,0.0,2.0,69.0,tryton-modules-sale-opportunity,0,0
884,deb,0.0,2.0,69.0,tryton-modules-sale-price-list,0,0
885,deb,0.0,1.0,12.0,tryton-modules-sale-promotion,0,0
886,deb,0.0,1.0,39.0,tryton-modules-sale-shipment-cost,0,0
887,deb,0.0,1.0,39.0,tryton-modules-sale-shipment-grouping,0,0
888,deb,0.0,1.0,12.0,tryton-modules-sale-stock-quantity,0,0
889,deb,0.0,1.0,39.0,tryton-modules-sale-supply,0,0
890,deb,0.0,1.0,39.0,tryton-modules-sale-supply-drop-shipment,0,0
891,deb,0.0,1.0,66.0,tryton-modules-stock,0,0
892,deb,0.0,2.0,69.0,tryton-modules-stock-forecast,0,0
893,deb,0.0,2.0,69.0,tryton-modules-stock-inventory-location,0,0
894,deb,0.0,2.0,69.0,tryton-modules-stock-location-sequence,0,0
895,deb,0.0,1.0,39.0,tryton-modules-stock-lot,0,0
896,deb,0.0,1.0,12.0,tryton-modules-stock-lot-sled,0,0
897,deb,0.0,1.0,39.0,tryton-modules-stock-package,0,0
898,deb,0.0,2.0,69.0,tryton-modules-stock-product-location,0,0
899,deb,0.0,1.0,39.0,tryton-modules-stock-split,0,0
900,deb,0.0,1.0,66.0,tryton-modules-stock-supply,0,0
901,deb,0.0,2.0,69.0,tryton-modules-stock-supply-day,0,0
902,deb,0.0,1.0,39.0,tryton-modules-stock-supply-forecast,0,0
903,deb,0.0,1.0,39.0,tryton-modules-stock-supply-production,0,0
904,deb,0.0,1.0,66.0,tryton-modules-timesheet,0,0
905,deb,0.0,1.0,39.0,tryton-modules-timesheet-cost,0,0
906,deb,0.0,1.0,76.0,tryton-proteus,0,0
907,deb,0.0,1.0,41.0,tryton-server,0,0
908,deb,0.0,2.0,19.0,tumgreyspf,1,0
909,deb,0.0,2.0,53.0,twms,0,0
910,deb,0.0,2.0,33.0,txt2tags,0,0
911,deb,0.0,4.0,66.0,ubuntu-dev-tools,0,0
912,deb,0.0,2.0,66.0,ufw,0,0
913,deb,0.0,3.0,36.0,unattended-upgrades,0,0
914,deb,0.0,1.0,72.0,unicode,0,0
915,deb,0.0,2.0,56.0,unoconv,1,0
916,deb,0.0,3.0,102.0,urlscan,1,0
917,deb,0.0,2.0,91.0,urlwatch,0,0
918,deb,0.0,3.0,56.0,user-mode-linux,0,0
919,deb,0.0,2.0,133.0,user-mode-linux-doc,0,0
920,deb,0.0,2.0,37.0,util-vserver,1,0
921,deb,0.0,3.0,70.0,veusz,0,0
922,deb,0.0,3.0,56.0,viewvc,1,0
923,deb,0.0,1.0,71.0,virt-manager,0,0
924,deb,0.0,2.0,60.0,virt-top,1,0
925,deb,0.0,2.0,69.0,virt-viewer,1,0
926,deb,0.0,3.0,68.0,virt-what,0,0
927,deb,0.0,2.0,65.0,virtaal,0,0
928,deb,0.0,2.0,36.0,virtualbox,0,0
929,deb,0.0,3.0,49.0,vmdebootstrap,0,0
930,deb,0.0,1.0,0.0,vmfs-tools,1,0
931,deb,0.0,1.0,0.0,vmware-manager,1,0
932,deb,0.0,2.0,64.0,vzctl,1,0
933,deb,0.0,1.0,96.0,vzquota,0,0
934,deb,0.0,1.0,56.0,wajig,1,0
935,deb,0.0,1.0,60.0,wammu,0,0
936,deb,0.0,3.0,57.0,wapiti,1,0
937,deb,0.0,1.0,61.0,weather-util,1,0
938,deb,0.0,1.0,61.0,webcheck,1,0
939,deb,0.0,3.0,96.0,whichwayisup,1,0
940,deb,0.0,2.0,65.0,wicd,0,0
941,deb,0.0,2.0,70.0,wifi-radar,1,0
942,deb,0.0,1.0,26.0,wiki2beamer,1,0
943,deb,0.0,2.0,57.0,winpdb,1,0
944,deb,0.0,2.0,51.0,woof,1,0
945,deb,0.0,2.0,125.0,wotsap,0,0
946,deb,0.0,3.0,72.0,wxglade,0,0
947,deb,0.0,1.0,47.0,xcircuit,1,0
948,deb,0.0,2.0,26.0,xdelta3,1,0
949,deb,0.0,1.0,54.0,xdot,0,0
950,deb,0.0,2.0,59.0,xen-tools,1,0
951,deb,0.0,1.0,16.0,xkcdpass,0,0
952,deb,0.0,2.0,81.0,xmldiff,1,0
953,deb,0.0,1.0,5.0,xonsh,0,1
954,deb,0.0,3.0,70.0,xtalk,1,0
955,deb,0.0,2.0,58.0,yagtd,1,0
956,deb,0.0,2.0,92.0,yapps2,1,0
957,deb,0.0,1.0,36.0,yokadi,0,0
958,deb,0.0,2.0,16.0,yorick-cubeview,1,0
959,deb,0.0,4.0,34.0,youtube-dl,0,0
960,deb,0.0,2.0,32.0,yum,1,0
961,deb,0.0,1.0,70.0,zeroinstall-injector,0,0
962,deb,0.0,2.0,73.0,zim,0,0
963,deb,0.0,1.0,0.0,zope-replacesupport,1,0
964,git,0.0,48.0,71.0,zerorpc-python,0,0
965,git,0.0,26.0,6.0,wechat-deleted-friends,1,0
966,git,0.0,283.0,38.0,linux-insides,0,0
967,git,0.0,36.0,24.0,DisableWinTracking,0,0
968,git,0.0,21.0,35.0,manim,0,0
969,git,0.0,6.0,13.0,HelloGitHub,0,0
970,git,0.0,4.0,10.0,DeepVideoAnalytics,0,0
971,git,0.0,19.0,28.0,LaZagne,1,0
972,git,0.0,65.0,72.0,appscale,0,0
973,git,0.0,170.0,66.0,PyBitmessage,0,0
974,git,0.0,4.0,5.0,pretrained-models.pytorch,0,0
975,git,0.0,17.0,6.0,FastMaskRCNN,1,0
976,git,0.0,81.0,39.0,flocker,1,0
977,git,0.0,17.0,15.0,DeepQA,0,0
978,git,0.0,3.0,2.0,code_snippets,0,0
979,git,0.0,479.0,85.0,CouchPotatoServer,0,0
980,git,0.0,61.0,101.0,deap,0,0
981,git,0.0,13.0,26.0,LANs.py,1,0
982,git,0.0,24.0,48.0,wifijammer,1,0
983,git,0.0,38.0,21.0,yellowbrick,0,0
984,git,1.0,16.0,45.0,SASM,1,0
985,git,0.0,34.0,57.0,elasticsearch-HQ,0,0
986,git,0.0,24.0,29.0,ungoogled-chromium,0,0
987,git,0.0,2.0,22.0,tpot,1,0
988,git,0.0,10.0,3.0,featuretools,0,0
989,git,0.0,11.0,11.0,rubber-docker,0,0
990,git,1.0,89.0,60.0,pwntools,0,0
991,git,0.0,178.0,34.0,python-docs-samples,0,0
992,git,0.0,150.0,133.0,guake,0,0
993,git,0.0,40.0,39.0,autograd,0,0
994,git,0.0,120.0,38.0,ZeroNet,0,0
995,git,0.0,6.0,6.0,BossSensor,1,0
996,git,0.0,143.0,62.0,hypothesis,0,0
997,git,0.0,19.0,22.0,psdash,1,0
998,git,1.0,66.0,54.0,pidcat,1,0
999,git,0.0,45.0,27.0,Legofy,0,0
1000,git,0.0,88.0,77.0,jsonschema,0,0
1001,git,0.0,92.0,37.0,kinto,0,0
1002,git,0.0,52.0,82.0,WeasyPrint,0,1
1003,git,0.0,108.0,43.0,Lasagne,0,0
1004,git,0.0,18.0,28.0,katoolin,1,0
1005,git,0.0,9.0,17.0,SinaSpider,1,0
1006,git,0.0,46.0,17.0,Telethon,0,0
1007,git,0.0,17.0,63.0,python-ftfy,0,0
1008,git,0.0,20.0,18.0,asyncpg,0,0
1009,git,0.0,22.0,21.0,uvloop,0,1
1010,git,0.0,4.0,17.0,fsociety,0,0
1011,git,0.0,28.0,45.0,MechanicalSoup,0,0
1012,git,0.0,207.0,25.0,Zappa,0,0
1013,git,0.0,23.0,34.0,Mobile-Security-Framework-MobSF,0,0
1014,git,0.0,49.0,31.0,mobile-chrome-apps,1,0
1015,git,1.0,371.0,103.0,mongoengine,0,0
1016,git,0.0,2.0,5.0,Reinforcement-learning-with-tensorflow,0,0
1017,git,0.0,1.0,0.0,Tensorflow-Tutorial,0,0
1018,git,0.0,12.0,18.0,tutorials,0,0
1019,git,0.0,46.0,47.0,youtube-dl-gui,0,0
1020,git,0.0,108.0,21.0,mycroft-core,0,0
1021,git,0.0,51.0,27.0,neon,1,0
1022,git,0.0,114.0,45.0,security_monkey,0,0
1023,git,0.0,5.0,20.0,dcgan_code,1,0
1024,git,0.0,88.0,5.0,PySyft,0,0
1025,git,0.0,10.0,30.0,WiFi-Pumpkin,0,0
1026,git,0.0,47.0,8.0,models,0,0
1027,git,0.0,9.0,39.0,iScript,0,0
1028,git,0.0,608.0,18.0,PokemonGo-Bot,0,0
1029,git,0.0,167.0,95.0,pycodestyle,0,1
1030,git,0.0,128.0,141.0,pylint,0,1
1031,git,1.0,183.0,76.0,PyGithub,0,0
1032,git,0.0,413.0,95.0,pyramid,0,0
1033,git,0.0,15.0,20.0,QUANTAXIS,0,0
1034,git,0.0,28.0,29.0,OnlineJudge,0,0
1035,git,0.0,364.0,89.0,gensim,0,0
1036,git,0.0,152.0,30.0,discord.py,0,0
1037,git,0.0,27.0,3.0,rasa_core,0,0
1038,git,0.0,47.0,35.0,RxPY,1,0
1039,git,0.0,24.0,22.0,RocAlphaGo,0,0
1040,git,0.0,386.0,18.0,RocketMap,0,0
1041,git,0.0,20.0,36.0,pythonpy,1,0
1042,git,0.0,25.0,9.0,pygta5,0,0
1043,git,0.0,14.0,16.0,reinforcement-learning-an-introduction,0,0
1044,git,0.0,68.0,32.0,deoplete.nvim,0,0
1045,git,0.0,156.0,86.0,ultisnips,1,0
1046,git,0.0,32.0,57.0,Responder,1,0
1047,git,0.0,130.0,47.0,st2,0,0
1048,git,1.0,70.0,74.0,hosts,0,0
1049,git,0.0,58.0,81.0,SublimeCodeIntel,0,0
1050,git,0.0,69.0,72.0,MarkdownEditing,0,0
1051,git,0.0,221.0,149.0,supervisor,0,1
1052,git,0.0,80.0,32.0,Tautulli,0,0
1053,git,0.0,518.0,82.0,Theano,0,0
1054,git,0.0,108.0,159.0,tribler,0,0
1055,git,0.0,40.0,38.0,speech_recognition,1,0
1056,git,0.0,38.0,23.0,WeixinBot,0,0
1057,git,0.0,1.0,12.0,lihang_book_algorithm,1,0
1058,git,0.0,1.0,0.0,paper-tips-and-tricks,1,0
1059,git,0.0,124.0,38.0,XX-Net,0,0
1060,git,0.0,25.0,30.0,dumb-init,0,0
1061,git,0.0,230.0,36.0,elastalert,0,0
1062,git,1.0,146.0,93.0,mrjob,0,0
1063,git,0.0,123.0,50.0,moviepy,0,0
1064,git,0.0,45.0,61.0,websockets,0,1
1065,git,0.0,38.0,25.0,Sublist3r,0,0
1066,git,0.0,8.0,23.0,eht-imaging,0,0
1067,git,0.0,1.0,5.0,django-cors-headers,1,0
1068,git,0.0,21.0,10.0,face_recognition,0,0
1069,git,0.0,411.0,54.0,aiohttp,0,0
1070,git,0.0,36.0,16.0,knowledge-repo,0,0
1071,git,0.0,22.0,43.0,fuckitpy,0,0
1072,git,0.0,85.0,101.0,ajenti,0,0
1073,git,0.0,6.0,13.0,imgaug,0,0
1074,git,0.0,9.0,10.0,neural-doodle,1,0
1075,git,0.0,9.0,22.0,meshroom,0,0
1076,git,0.0,22.0,6.0,allennlp,0,0
1077,git,0.0,36.0,27.0,altair,0,0
1078,git,0.0,106.0,71.0,sh,1,1
1079,git,0.0,69.0,38.0,proselint,0,0
1080,git,0.0,63.0,67.0,word_cloud,0,0
1081,git,0.0,5.0,27.0,fuck12306,1,0
1082,git,1.0,90.0,126.0,w3af,0,0
1083,git,0.0,67.0,93.0,androguard,0,0
1084,git,0.0,305.0,95.0,redis-py,0,0
1085,git,0.0,89.0,31.0,angr,0,0
1086,git,1.0,24.0,45.0,dotbot,0,0
1087,git,1.0,14.0,30.0,git-remote-dropbox,0,0
1088,git,0.0,20.0,21.0,neural-style,0,0
1089,git,0.0,4786.0,75.0,ansible,0,1
1090,git,0.0,87.0,20.0,ansible-container,0,0
1091,git,0.0,78.0,4.0,awx,0,0
1092,git,0.0,519.0,119.0,platform_development,0,0
1093,git,0.0,793.0,33.0,incubator-mxnet,0,0
1094,git,1.0,55.0,98.0,sshuttle,0,0
1095,git,0.0,19.0,113.0,DeDRM_tools,0,0
1096,git,0.0,3.0,13.0,weight-loss,0,0
1097,git,0.0,8.0,20.0,ssh-audit,1,0
1098,git,0.0,20.0,47.0,drawille,0,0
1099,git,0.0,94.0,54.0,searx,0,0
1100,git,0.0,38.0,75.0,asciinema,0,1
1101,git,0.0,41.0,40.0,pyautogui,0,0
1102,git,0.0,30.0,28.0,auto-sklearn,0,0
1103,git,0.0,52.0,32.0,rockstar,0,0
1104,git,0.0,9.0,21.0,image-analogies,1,0
1105,git,1.0,241.0,65.0,aws-cli,0,0
1106,git,0.0,91.0,20.0,chalice,0,0
1107,git,0.0,32.0,4.0,aws-sam-cli,0,0
1108,git,0.0,16.0,28.0,aws-shell,0,0
1109,git,0.0,24.0,15.0,serverless-application-model,0,0
1110,git,0.0,13.0,19.0,TopDeepLearning,1,0
1111,git,0.0,55.0,66.0,PlainTasks,0,0
1112,git,0.0,141.0,68.0,powerline-shell,0,0
1113,git,0.0,1.0,12.0,abu,1,0
1114,git,0.0,143.0,67.0,python-twitter,0,1
1115,git,0.0,387.0,98.0,beets,0,1
1116,git,0.0,10.0,48.0,fantasque-sans,1,0
1117,git,0.0,375.0,103.0,gunicorn,0,1
1118,git,0.0,84.0,24.0,bigchaindb,0,0
1119,git,0.0,29.0,34.0,algorithm-exercise,0,0
1120,git,0.0,81.0,49.0,pyspider,0,0
1121,git,0.0,246.0,53.0,bips,0,0
1122,git,0.0,163.0,48.0,bitcoinbook,0,0
1123,git,0.0,81.0,64.0,blaze,0,0
1124,git,0.0,30.0,33.0,pipreqs,0,0
1125,git,0.0,386.0,70.0,bokeh,0,0
1126,git,0.0,15.0,72.0,boto,1,1
1127,git,0.0,100.0,41.0,boto3,0,1
1128,git,1.0,259.0,110.0,bottle,0,0
1129,git,0.0,3.0,10.0,wechat-spider,0,0
1130,git,0.0,48.0,12.0,PyTricks,1,0
1131,git,0.0,2.0,1.0,text_classification,0,0
1132,git,0.0,56.0,42.0,brython,0,0
1133,git,1.0,611.0,154.0,buildbot,0,1
1134,git,1.0,46.0,104.0,bup,0,1
1135,git,0.0,94.0,78.0,gspread,0,0
1136,git,0.0,12.0,22.0,CrackMapExec,1,0
1137,git,0.0,30.0,42.0,MITMf,1,0
1138,git,0.0,175.0,112.0,django-filter,0,0
1139,git,0.0,860.0,113.0,celery,0,0
1140,git,0.0,13.0,22.0,lda2vec,1,0
1141,git,0.0,471.0,46.0,certbot,0,0
1142,git,0.0,154.0,66.0,livestreamer,1,0
1143,git,0.0,59.0,43.0,Gooey,0,0
1144,git,0.0,1.0,0.0,Crunch,0,0
1145,git,0.0,16.0,31.0,codeface,0,0
1146,git,0.0,8.0,20.0,flask_jsondash,0,0
1147,git,0.0,5.0,7.0,cheat.sh,0,0
1148,git,0.0,43.0,22.0,wttr.in,0,0
1149,git,0.0,288.0,100.0,ckan,0,0
1150,git,0.0,66.0,86.0,pattern,0,0
1151,git,0.0,140.0,97.0,hue,0,0
1152,git,0.0,313.0,63.0,troposphere,0,1
1153,git,0.0,439.0,39.0,coala,1,0
1154,git,1.0,114.0,51.0,newspaper,0,0
1155,git,0.0,64.0,80.0,huey,0,0
1156,git,0.0,203.0,94.0,peewee,0,0
1157,git,0.0,16.0,3.0,research,1,0
1158,git,0.0,134.0,27.0,conan,0,0
1159,git,1.0,212.0,66.0,conda,0,0
1160,git,0.0,98.0,68.0,coursera-dl,0,0
1161,git,0.0,2.0,29.0,cowrie,0,0
1162,git,0.0,22.0,20.0,pysheeet,0,0
1163,git,0.0,209.0,65.0,arrow,0,0
1164,git,0.0,43.0,13.0,cupy,0,0
1165,git,0.0,11.0,19.0,gdb-dashboard,1,0
1166,git,0.0,8.0,14.0,neural-style-tf,0,0
1167,git,1.0,287.0,125.0,cython,0,1
1168,git,0.0,45.0,28.0,curio,0,0
1169,git,0.0,7.0,36.0,python-cookbook,1,0
1170,git,0.0,75.0,43.0,musicbox,0,0
1171,git,0.0,165.0,37.0,dask,0,0
1172,git,0.0,9.0,12.0,srez,1,0
1173,git,0.0,34.0,86.0,python-phonenumbers,0,0
1174,git,0.0,122.0,72.0,jedi,0,0
1175,git,0.0,45.0,22.0,facenet,0,0
1176,git,1.0,49.0,60.0,schedule,0,1
1177,git,0.0,53.0,34.0,mycli,0,0
1178,git,0.0,112.0,40.0,pgcli,0,0
1179,git,0.0,61.0,71.0,dedupe,0,0
1180,git,0.0,6.0,0.0,faceswap,0,0
1181,git,0.0,4.0,3.0,dnc,0,0
1182,git,0.0,26.0,5.0,pysc2,0,0
1183,git,0.0,20.0,8.0,sonnet,0,0
1184,git,0.0,275.0,49.0,deis,0,0
1185,git,0.0,19.0,26.0,cnn-text-classification-tf,0,0
1186,git,0.0,78.0,26.0,acme-tiny,0,0
1187,git,0.0,543.0,112.0,django-cms,0,0
1188,git,0.0,245.0,98.0,django-compressor,1,0
1189,git,0.0,427.0,115.0,django-extensions,0,0
1190,git,0.0,169.0,95.0,django-guardian,0,0
1191,git,0.0,394.0,95.0,django-haystack,0,0
1192,git,0.0,349.0,92.0,django-oscar,0,0
1193,git,0.0,445.0,97.0,django-tastypie,0,0
1194,git,0.0,154.0,32.0,channels,0,0
1195,git,0.0,2881.0,158.0,django,0,0
1196,git,0.0,64.0,13.0,tvm,0,0
1197,git,0.0,496.0,44.0,compose,1,0
1198,git,0.0,437.0,59.0,docker-py,0,1
1199,git,0.0,195.0,26.0,docker-registry,1,0
1200,git,0.0,75.0,71.0,docopt,0,0
1201,git,0.0,60.0,28.0,awesome-aws,0,0
1202,git,0.0,14.0,31.0,data-science-ipython-notebooks,0,0
1203,git,0.0,18.0,22.0,dev-setup,1,0
1204,git,0.0,30.0,19.0,gitsome,0,0
1205,git,0.0,58.0,32.0,interactive-coding-challenges,0,0
1206,git,0.0,9.0,25.0,saws,0,0
1207,git,0.0,43.0,10.0,system-design-primer,0,0
1208,git,0.0,17.0,70.0,dpark,0,0
1209,git,0.0,89.0,49.0,Flask-AppBuilder,0,0
1210,git,0.0,193.0,67.0,kafka-python,0,1
1211,git,0.0,5.0,3.0,stack-overflow-import,1,0
1212,git,0.0,64.0,29.0,macOS-Security-and-Privacy-Guide,0,0
1213,git,0.0,24.0,21.0,cookiecutter-data-science,0,0
1214,git,1.0,64.0,44.0,pyston,1,0
1215,git,0.0,31.0,25.0,ntfy,0,0
1216,git,0.0,13.0,18.0,english-words,0,0
1217,git,0.0,18.0,6.0,pywal,0,0
1218,git,0.0,23.0,25.0,interpy-zh,1,0
1219,git,0.0,3.0,5.0,edgedb,0,0
1220,git,0.0,851.0,73.0,edx-platform,0,0
1221,git,0.0,112.0,56.0,curator,0,0
1222,git,0.0,118.0,38.0,elasticsearch-dsl-py,1,0
1223,git,1.0,153.0,46.0,elasticsearch-py,1,0
1224,git,0.0,18.0,21.0,http-prompt,0,0
1225,git,0.0,52.0,58.0,storm,0,0
1226,git,0.0,1392.0,89.0,django-rest-framework,0,0
1227,git,0.0,18.0,10.0,tf-faster-rcnn,0,0
1228,git,0.0,100.0,24.0,material-theme,1,0
1229,git,0.0,6.0,9.0,ML-From-Scratch,0,0
1230,git,0.0,49.0,42.0,esptool,0,0
1231,git,0.0,78.0,31.0,pyTelegramBotAPI,0,0
1232,git,0.0,17.0,24.0,caffe-tensorflow,0,0
1233,git,0.0,47.0,14.0,vyper,0,0
1234,git,0.0,170.0,118.0,django-reversion,0,0
1235,git,0.0,78.0,77.0,Cactus,1,0
1236,git,0.0,50.0,79.0,pdfminer,1,0
1237,git,0.0,27.0,37.0,coconut,0,0
1238,git,0.0,19.0,7.0,opensnitch,0,0
1239,git,0.0,202.0,38.0,spaCy,0,0
1240,git,1.0,344.0,129.0,fabric,0,0
1241,git,0.0,69.0,30.0,PathPicker,1,0
1242,git,0.0,73.0,49.0,chisel,0,0
1243,git,0.0,28.0,79.0,codemod,1,0
1244,git,0.0,50.0,11.0,prophet,0,0
1245,git,0.0,17.0,20.0,huxley,1,0
1246,git,0.0,113.0,86.0,python-instagram,0,0
1247,git,0.0,8.0,5.0,DrQA,0,0
1248,git,0.0,59.0,8.0,ParlAI,0,0
1249,git,0.0,43.0,10.0,visdom,0,0
1250,git,0.0,110.0,69.0,python-patterns,0,0
1251,git,1.0,245.0,167.0,fail2ban,0,1
1252,git,0.0,132.0,64.0,falcon,0,0
1253,git,0.0,22.0,27.0,seq2seq,0,0
1254,git,0.0,16.0,11.0,stellar,1,0
1255,git,0.0,16.0,14.0,deep-learning-models,1,0
1256,git,0.0,49.0,53.0,dnsmasq-china-list,0,0
1257,git,0.0,19.0,63.0,SpoofMAC,1,0
1258,git,0.0,29.0,44.0,chnroutes,0,0
1259,git,0.0,21.0,4.0,keras-retinanet,0,0
1260,git,0.0,299.0,73.0,flask-admin,0,0
1261,git,0.0,202.0,59.0,flask-restful,1,0
1262,git,0.0,10.0,31.0,example-code,0,0
1263,git,0.0,19.0,42.0,BayesianOptimization,0,0
1264,git,0.0,44.0,75.0,Minecraft,0,0
1265,git,0.0,179.0,64.0,OctoPrint,0,0
1266,git,0.0,33.0,38.0,formspree,0,0
1267,git,0.0,331.0,85.0,erpnext,0,0
1268,git,0.0,177.0,75.0,securedrop,0,0
1269,git,1.0,67.0,67.0,jieba,0,0
1270,git,0.0,43.0,71.0,gmvault,1,0
1271,git,1.0,32.0,73.0,pyalgotrade,0,0
1272,git,1.0,10.0,41.0,scrapy-examples,1,0
1273,git,0.0,159.0,39.0,Python,0,0
1274,git,0.0,50.0,28.0,django-jet,0,0
1275,git,0.0,19.0,56.0,gitfiti,1,0
1276,git,1.0,114.0,144.0,geopy,0,1
1277,git,0.0,532.0,95.0,pelican,0,0
1278,git,0.0,301.0,54.0,redash,0,0
1279,git,0.0,75.0,51.0,responses,1,1
1280,git,0.0,520.0,95.0,sentry,0,0
1281,git,0.0,149.0,110.0,gevent,0,0
1282,git,1.0,150.0,123.0,GitPython,0,0
1283,git,0.0,62.0,65.0,howdoi,0,0
1284,git,0.0,6.0,51.0,distribute_crawler,1,0
1285,git,0.0,59.0,28.0,golem,0,0
1286,git,0.0,18.0,22.0,AppleDNS,1,0
1287,git,0.0,2.0,0.0,adversarial,0,0
1288,git,0.0,13.0,21.0,enjarify,1,1
1289,git,0.0,39.0,51.0,grr,0,0
1290,git,0.0,13.0,36.0,nogotofail,1,0
1291,git,0.0,21.0,2.0,python-fire,1,0
1292,git,0.0,10.0,29.0,sanitizers,0,0
1293,git,0.0,33.0,6.0,seq2seq,0,0
1294,git,0.0,86.0,36.0,yapf,0,0
1295,git,0.0,35.0,32.0,google-maps-services-python,1,0
1296,git,0.0,114.0,93.0,watchdog,0,1
1297,git,0.0,87.0,16.0,graphene-django,0,0
1298,git,0.0,89.0,101.0,python_koans,0,0
1299,git,0.0,5.0,18.0,monkey,0,0
1300,git,0.0,108.0,41.0,ChatterBot,0,0
1301,git,0.0,87.0,29.0,Mind-Expanding-Books,0,0
1302,git,0.0,4.0,24.0,AutoRCCar,1,0
1303,git,0.0,9.0,32.0,google-images-download,0,0
1304,git,0.0,37.0,64.0,q,0,0
1305,git,0.0,19.0,28.0,programming-talks,1,0
1306,git,0.0,25.0,28.0,usbkill,1,0
1307,git,0.0,44.0,89.0,autopep8,0,0
1308,git,0.0,12.0,8.0,the-gan-zoo,0,0
1309,git,0.0,1202.0,48.0,home-assistant,0,0
1310,git,0.0,498.0,84.0,vim-snippets,0,0
1311,git,0.0,29.0,47.0,bypy,0,0
1312,git,0.0,3.0,3.0,sanic,1,0
1313,git,0.0,28.0,36.0,gef,0,0
1314,git,0.0,4.0,0.0,Synonyms,0,0
1315,git,0.0,158.0,65.0,hy,0,0
1316,git,0.0,40.0,78.0,hyperopt,1,0
1317,git,0.0,23.0,46.0,AlfredWorkflow.com,1,0
1318,git,1.0,28.0,65.0,Hasklig,0,0
1319,git,0.0,42.0,13.0,tensorflow-wavenet,0,0
1320,git,0.0,21.0,53.0,explainshell,1,0
1321,git,0.0,39.0,52.0,faraday,0,0
1322,git,0.0,1.0,5.0,Python,0,0
1323,git,0.0,175.0,34.0,bcc,0,0
1324,git,1.0,798.0,124.0,ipython,0,1
1325,git,0.0,5.0,23.0,snownlp,1,0
1326,git,0.0,260.0,28.0,CppCoreGuidelines,0,0
1327,git,0.0,8.0,9.0,dvc,0,0
1328,git,0.0,142.0,75.0,httpie,0,0
1329,git,0.0,48.0,26.0,Buku,0,0
1330,git,0.0,24.0,30.0,googler,0,0
1331,git,0.0,65.0,37.0,jasper-client,1,0
1332,git,0.0,2.0,1.0,LSTM-Neural-Network-for-Time-Series-Prediction,1,0
1333,git,0.0,21.0,23.0,statuspage,0,0
1334,git,0.0,245.0,113.0,django-debug-toolbar,0,1
1335,git,0.0,130.0,68.0,pip-tools,0,1
1336,git,0.0,6.0,9.0,pytorch-examples,1,0
1337,git,0.0,84.0,70.0,Ghost.py,1,0
1338,git,0.0,44.0,37.0,icdiff,1,1
1339,git,0.0,22.0,34.0,sandman,1,0
1340,git,0.0,56.0,77.0,pydub,0,0
1341,git,0.0,1.0,0.0,transferlearning,0,0
1342,git,0.0,7.0,8.0,tensorflow_poems,0,0
1343,git,0.0,5.0,3.0,weibo_terminater,1,0
1344,git,0.0,110.0,64.0,GitGutter,0,0
1345,git,0.0,6.0,16.0,deepjazz,1,0
1346,git,0.0,22.0,47.0,robobrowser,1,0
1347,git,0.0,18.0,31.0,data-science-from-scratch,0,0
1348,git,0.0,84.0,109.0,python-oauth2,0,0
1349,git,0.0,43.0,66.0,grip,0,0
1350,git,0.0,236.0,57.0,faker,0,0
1351,git,0.0,16.0,22.0,urh,0,0
1352,git,0.0,35.0,28.0,awslogs,0,0
1353,git,1.0,55.0,76.0,glue,0,0
1354,git,0.0,329.0,44.0,awesome-machine-learning,0,0
1355,git,0.0,7.0,6.0,NakedTensor,1,0
1356,git,0.0,55.0,78.0,pyjwt,1,0
1357,git,0.0,14.0,26.0,imutils,1,0
1358,git,0.0,2.0,5.0,iGAN,1,0
1359,git,0.0,21.0,8.0,pytorch-CycleGAN-and-pix2pix,0,0
1360,git,0.0,43.0,30.0,jupyter,0,0
1361,git,0.0,172.0,46.0,nginx-proxy,0,0
1362,git,0.0,28.0,52.0,fn.py,1,0
1363,git,0.0,35.0,26.0,arxiv-sanity-preserver,0,0
1364,git,0.0,11.0,10.0,neuraltalk,1,0
1365,git,0.0,133.0,81.0,sublime-text-git,0,0
1366,git,0.0,92.0,86.0,clint,1,1
1367,git,0.0,38.0,34.0,records,0,0
1368,git,0.0,56.0,12.0,algorithms,0,0
1369,git,0.0,39.0,17.0,keras-rl,0,0
1370,git,0.0,1077.0,36.0,keras,0,0
1371,git,0.0,531.0,90.0,kivy,0,0
1372,git,0.0,188.0,77.0,python-for-android,0,0
1373,git,0.0,13.0,13.0,whereami,1,0
1374,git,0.0,187.0,59.0,calibre,0,1
1375,git,0.0,18.0,66.0,iOS-Universal-Framework,1,0
1376,git,0.0,4.0,0.0,FreeWifi,1,0
1377,git,0.0,32.0,83.0,theHarvester,0,0
1378,git,0.0,30.0,35.0,monoid,0,0
1379,git,0.0,226.0,44.0,awesome-scala,0,0
1380,git,0.0,10.0,34.0,machine_learning_examples,0,0
1381,git,0.0,24.0,36.0,ngxtop,1,0
1382,git,0.0,80.0,26.0,lektor,0,0
1383,git,0.0,27.0,14.0,fast-style-transfer,0,0
1384,git,0.0,9.0,32.0,ipv6-hosts,1,0
1385,git,0.0,45.0,58.0,librosa,0,0
1386,git,0.0,13.0,32.0,macropy,1,0
1387,git,0.0,1.0,26.0,PythonSpiderNotes,1,0
1388,git,0.0,48.0,68.0,DeepLearningTutorials,1,0
1389,git,0.0,213.0,90.0,pylearn2,0,0
1390,git,0.0,3.0,18.0,listen1,1,0
1391,git,0.0,49.0,21.0,ItChat,0,0
1392,git,0.0,36.0,14.0,wxBot,1,0
1393,git,0.0,25.0,81.0,pyrasite,0,0
1394,git,0.0,3.0,4.0,umap,0,0
1395,git,0.0,60.0,14.0,localstack,0,0
1396,git,0.0,124.0,80.0,locust,1,0
1397,git,0.0,40.0,61.0,peda,0,0
1398,git,0.0,328.0,53.0,mackup,1,0
1399,git,0.0,48.0,52.0,lutris,0,0
1400,git,0.0,29.0,30.0,lightfm,0,0
1401,git,0.0,28.0,81.0,pytesseract,0,0
1402,git,0.0,48.0,60.0,boltons,0,0
1403,git,0.0,173.0,47.0,mailinabox,1,0
1404,git,0.0,213.0,79.0,Mailpile,0,0
1405,git,0.0,3.0,2.0,P4wnP1,1,0
1406,git,0.0,170.0,58.0,django-rest-swagger,0,0
1407,git,0.0,136.0,53.0,marshmallow,0,0
1408,git,0.0,9.0,9.0,WassersteinGAN,0,0
1409,git,0.0,37.0,72.0,xmltodict,0,0
1410,git,0.0,1024.0,130.0,matplotlib,0,1
1411,git,0.0,139.0,44.0,synapse,0,0
1412,git,0.0,14.0,1.0,Mask_RCNN,0,0
1413,git,0.0,26.0,45.0,dirsearch,0,0
1414,git,1.0,42.0,29.0,walle-web,0,0
1415,git,0.0,255.0,41.0,meson,0,1
1416,git,0.0,159.0,70.0,flower,0,0
1417,git,0.0,63.0,37.0,onionshare,1,0
1418,git,0.0,72.0,36.0,rtv,0,0
1419,git,0.0,9.0,33.0,learn-python3,0,0
1420,git,0.0,455.0,100.0,Sick-Beard,0,0
1421,git,0.0,60.0,50.0,Flask-SocketIO,0,0
1422,git,0.0,32.0,47.0,flasky,1,0
1423,git,0.0,4.0,32.0,microblog,1,0
1424,git,0.0,91.0,29.0,big-list-of-naughty-strings,0,0
1425,git,0.0,1.0,0.0,textgenrnn,0,0
1426,git,0.0,137.0,82.0,mininet,0,0
1427,git,0.0,110.0,63.0,saleor,0,0
1428,git,0.0,7.0,0.0,shadowbroker,0,0
1429,git,0.0,282.0,88.0,mitmproxy,0,0
1430,git,0.0,7.0,48.0,termgraph,0,0
1431,git,1.0,172.0,50.0,mkdocs,0,0
1432,git,0.0,28.0,59.0,neural-networks-and-deep-learning,0,0
1433,git,0.0,149.0,85.0,facebook-sdk,0,0
1434,git,1.0,195.0,115.0,mongo-python-driver,0,0
1435,git,0.0,37.0,63.0,percol,1,0
1436,git,1.0,151.0,100.0,mopidy,0,1
1437,git,0.0,78.0,50.0,mps-youtube,0,0
1438,git,0.0,18.0,64.0,ta-lib,0,0
1439,git,0.0,43.0,57.0,tinydb,0,0
1440,git,0.0,9.0,8.0,Deformable-ConvNets,0,0
1441,git,0.0,117.0,71.0,PyPDF2,0,0
1442,git,0.0,151.0,56.0,seaborn,0,0
1443,git,0.0,6.0,4.0,noteshrink,1,0
1444,git,0.0,51.0,28.0,pupy,0,0
1445,git,0.0,55.0,62.0,nameko,0,0
1446,git,0.0,6.0,8.0,pywonderland,0,0
1447,git,0.0,344.0,162.0,networkx,0,0
1448,git,0.0,66.0,93.0,beeswithmachineguns,0,0
1449,git,0.0,45.0,67.0,pytube,0,0
1450,git,0.0,21.0,29.0,telepot,0,0
1451,git,1.0,129.0,79.0,glances,0,1
1452,git,0.0,303.0,140.0,nltk,0,0
1453,git,0.0,15.0,48.0,tqdm,1,0
1454,git,0.0,202.0,76.0,node-gyp,0,0
1455,git,0.0,92.0,67.0,algorithms,0,0
1456,git,0.0,14.0,5.0,papermill,0,0
1457,git,0.0,101.0,72.0,numba,0,0
1458,git,0.0,142.0,60.0,nupic,0,0
1459,git,0.0,132.0,26.0,thefuck,1,0
1460,git,0.0,16.0,28.0,vprof,0,0
1461,git,0.0,73.0,30.0,sync-engine,1,0
1462,git,0.0,7.0,6.0,face_classification,0,0
1463,git,0.0,36.0,63.0,WeRoBot,0,0
1464,git,0.0,82.0,18.0,serenata-de-amor,0,0
1465,git,0.0,224.0,69.0,django-social-auth,1,0
1466,git,0.0,356.0,51.0,python-social-auth,1,0
1467,git,0.0,60.0,7.0,baselines,0,0
1468,git,0.0,175.0,21.0,gym,0,0
1469,git,0.0,11.0,15.0,dataset,0,0
1470,git,0.0,2417.0,96.0,nova,0,0
1471,git,1.0,23.0,40.0,openstack,1,0
1472,git,0.0,6.0,12.0,maybe,1,0
1473,git,0.0,210.0,48.0,click,0,0
1474,git,0.0,781.0,100.0,flask,0,0
1475,git,0.0,251.0,124.0,jinja,0,0
1476,git,0.0,436.0,131.0,werkzeug,0,0
1477,git,0.0,1517.0,89.0,pandas,0,0
1478,git,0.0,22.0,16.0,qqbot,0,0
1479,git,0.0,38.0,31.0,awesome-honeypots,0,0
1480,git,0.0,3.0,88.0,paramiko,1,1
1481,git,0.0,2.0,0.0,colornet,1,0
1482,git,0.0,495.0,90.0,django-allauth,0,0
1483,git,0.0,30.0,40.0,awesome-iot,0,0
1484,git,1.0,53.0,117.0,pinax,0,0
1485,git,0.0,68.0,36.0,platformio-core,0,0
1486,git,0.0,23.0,33.0,dash,0,0
1487,git,0.0,74.0,54.0,isso,0,0
1488,git,0.0,222.0,66.0,powerline,0,0
1489,git,0.0,25.0,24.0,Algorithms,0,0
1490,git,0.0,47.0,48.0,pre-commit,0,0
1491,git,0.0,23.0,54.0,pritunl,0,0
1492,git,0.0,10.0,21.0,zhao,1,0
1493,git,0.0,56.0,58.0,dataset,0,0
1494,git,0.0,51.0,35.0,pwndbg,0,0
1495,git,0.0,65.0,110.0,pybrain,0,0
1496,git,0.0,201.0,57.0,cryptography,0,0
1497,git,0.0,249.0,57.0,cookiecutter-django,0,0
1498,git,0.0,197.0,61.0,eve,0,0
1499,git,1.0,277.0,160.0,pyinstaller,0,0
1500,git,0.0,85.0,85.0,invoke,0,0
1501,git,0.0,230.0,94.0,pymc3,0,0
1502,git,0.0,598.0,116.0,pip,0,0
1503,git,0.0,155.0,12.0,pipenv,0,0
1504,git,0.0,25.0,50.0,sampleproject,0,0
1505,git,0.0,3.0,89.0,virtualenv,1,1
1506,git,0.0,116.0,61.0,warehouse,0,0
1507,git,0.0,289.0,111.0,pytest,0,0
1508,git,0.0,139.0,80.0,python-mode,0,0
1509,git,1.0,305.0,96.0,Pillow,0,0
1510,git,0.0,111.0,32.0,python-telegram-bot,0,0
1511,git,0.0,18.0,10.0,trio,0,0
1512,git,0.0,97.0,59.0,folium,0,0
1513,git,0.0,875.0,168.0,cpython,0,0
1514,git,0.0,220.0,65.0,mypy,0,1
1515,git,0.0,64.0,55.0,toolz,0,1
1516,git,0.0,109.0,16.0,examples,0,0
1517,git,0.0,13.0,45.0,algorithm,0,0
1518,git,1.0,177.0,67.0,zipline,0,0
1519,git,0.0,137.0,113.0,ranger,0,1
1520,git,0.0,27.0,31.0,instagram-scraper,0,0
1521,git,0.0,37.0,38.0,mlxtend,0,0
1522,git,0.0,290.0,49.0,documentation,0,0
1523,git,0.0,48.0,15.0,ray,0,0
1524,git,0.0,16.0,24.0,fast-rcnn,0,0
1525,git,0.0,41.0,27.0,py-faster-rcnn,0,0
1526,git,1.0,2.0,19.0,discover-flask,1,0
1527,git,0.0,14.0,19.0,mimic,1,0
1528,git,0.0,203.0,84.0,headphones,0,0
1529,git,0.0,9.0,13.0,httpstat,1,0
1530,git,0.0,99.0,67.0,sublimetext-markdown-preview,1,0
1531,git,0.0,27.0,18.0,rqalpha,0,0
1532,git,0.0,25.0,43.0,line_profiler,0,0
1533,git,0.0,109.0,123.0,robotframework,0,0
1534,git,0.0,17.0,30.0,awesome-math,0,0
1535,git,0.0,23.0,35.0,numpy-100,0,0
1536,git,0.0,15.0,9.0,MLAlgorithms,1,0
1537,git,0.0,66.0,31.0,data-science-blogs,0,0
1538,git,0.0,5.0,25.0,neural-storyteller,1,0
1539,git,0.0,230.0,141.0,s3cmd,0,1
1540,git,1.0,2996.0,88.0,salt,0,0
1541,git,0.0,64.0,22.0,TrumpScript,1,0
1542,git,0.0,21.0,14.0,visidata,0,0
1543,git,0.0,130.0,82.0,schematics,0,0
1544,git,0.0,7.0,5.0,howmanypeoplearearound,1,0
1545,git,0.0,401.0,107.0,scikit-image,0,1
1546,git,0.0,37.0,35.0,imbalanced-learn,0,0
1547,git,1.0,1762.0,103.0,scikit-learn,0,1
1548,git,1.0,96.0,96.0,scipy-lecture-notes,0,0
1549,git,0.0,850.0,169.0,scipy,0,1
1550,git,0.0,51.0,49.0,portia,0,0
1551,git,0.0,53.0,53.0,splash,0,0
1552,git,0.0,537.0,108.0,scrapy,0,0
1553,git,0.0,41.0,19.0,pendulum,0,0
1554,git,0.0,67.0,83.0,fuzzywuzzy,0,0
1555,git,0.0,134.0,169.0,scapy,0,0
1556,git,0.0,15.0,45.0,the-backdoor-factory,1,0
1557,git,0.0,98.0,71.0,shadowsocks,0,0
1558,git,0.0,4.0,21.0,fcn.berkeleyvision.org,1,0
1559,git,0.0,43.0,23.0,char-rnn-tensorflow,0,0
1560,git,0.0,58.0,24.0,easytrader,0,0
1561,git,0.0,138.0,81.0,SimpleCV,1,0
1562,git,0.0,59.0,76.0,gmusicapi,0,0
1563,git,0.0,9.0,1.0,datasette,0,0
1564,git,0.0,108.0,64.0,speedtest-cli,0,0
1565,git,1.0,87.0,123.0,twitter,0,0
1566,git,0.0,28.0,57.0,TextBlob,0,0
1567,git,0.0,11.0,44.0,doitlive,0,0
1568,git,1.0,23.0,58.0,spiderfoot,0,0
1569,git,0.0,27.0,56.0,voltron,0,0
1570,git,0.0,10.0,10.0,snips-nlu,0,0
1571,git,0.0,175.0,60.0,you-get,1,0
1572,git,0.0,17.0,43.0,SublimeWebInspector,1,0
1573,git,0.0,5.0,39.0,Iconic,1,0
1574,git,0.0,30.0,6.0,nnabla,0,0
1575,git,0.0,38.0,37.0,convnet-benchmarks,1,0
1576,git,0.0,124.0,56.0,sovereign,0,0
1577,git,1.0,71.0,77.0,sublime-jsdocs,0,0
1578,git,0.0,303.0,72.0,electrum,0,1
1579,git,0.0,313.0,127.0,sphinx,0,0
1580,git,0.0,118.0,42.0,spinnaker,0,0
1581,git,0.0,534.0,65.0,luigi,0,0
1582,git,0.0,325.0,62.0,moto,0,0
1583,git,0.0,128.0,109.0,spyder,0,1
1584,git,0.0,2.0,48.0,grequests,0,0
1585,git,1.0,127.0,118.0,sqlmap,0,0
1586,git,0.0,36.0,74.0,redis-rdb-tools,0,0
1587,git,0.0,51.0,86.0,sshuttle,0,0
1588,git,0.0,80.0,62.0,xadmin,0,0
1589,git,0.0,18.0,37.0,maltrail,0,0
1590,git,1.0,218.0,85.0,statsmodels,0,0
1591,git,0.0,368.0,98.0,mezzanine,0,0
1592,git,0.0,86.0,16.0,streamlink,0,0
1593,git,0.0,6.0,10.0,PayloadsAllTheThings,0,0
1594,git,0.0,5.0,2.0,qrcode,1,1
1595,git,0.0,995.0,135.0,sympy,0,0
1596,git,0.0,74.0,59.0,taiga-back,0,0
1597,git,0.0,17.0,40.0,iOSBlogCN,1,0
1598,git,0.0,57.0,16.0,cleverhans,0,0
1599,git,0.0,106.0,20.0,magenta,0,0
1600,git,0.0,594.0,24.0,models,0,0
1601,git,0.0,24.0,4.0,nmt,0,0
1602,git,0.0,35.0,14.0,skflow,1,0
1603,git,0.0,58.0,6.0,tensor2tensor,0,0
1604,git,0.0,70.0,7.0,tensorboard,0,0
1605,git,0.0,63.0,17.0,tensorlayer,0,0
1606,git,0.0,30.0,20.0,tensorpack,0,0
1607,git,0.0,139.0,21.0,tflearn,0,0
1608,git,0.0,158.0,67.0,yowsup,0,0
1609,git,0.0,5.0,56.0,webcam-pulse-detector,1,0
1610,git,0.0,38.0,42.0,python-dotenv,0,0
1611,git,0.0,66.0,22.0,routersploit,0,0
1612,git,0.0,151.0,87.0,thumbor,0,0
1613,git,0.0,119.0,15.0,InstaPy,0,0
1614,git,0.0,611.0,52.0,tldr,0,0
1615,git,0.0,40.0,54.0,tmuxp,0,0
1616,git,0.0,5.0,6.0,pix2code,0,0
1617,git,1.0,578.0,97.0,tornado,0,0
1618,git,0.0,54.0,51.0,tqdm,0,0
1619,git,0.0,91.0,18.0,algo,0,0
1620,git,0.0,86.0,34.0,ptf,0,0
1621,git,0.0,66.0,64.0,social-engineer-toolkit,0,0
1622,git,0.0,31.0,69.0,Stream-Framework,0,0
1623,git,0.0,284.0,108.0,tweepy,0,0
1624,git,0.0,196.0,155.0,twisted,0,0
1625,git,0.0,22.0,32.0,pyAudioAnalysis,0,0
1626,git,0.0,38.0,28.0,labelImg,0,0
1627,git,0.0,4.0,11.0,DataSciencePython,1,0
1628,git,0.0,685.0,45.0,awesome-python,0,0
1629,git,0.0,31.0,22.0,wait-for-it,0,0
1630,git,0.0,62.0,82.0,volatility,0,0
1631,git,0.0,68.0,35.0,tushare,0,0
1632,git,0.0,421.0,50.0,wagtail,0,0
1633,git,1.0,92.0,86.0,wal-e,0,0
1634,git,0.0,4.0,15.0,ChatBotCourse,1,0
1635,git,0.0,34.0,37.0,magic-wormhole,0,0
1636,git,0.0,63.0,80.0,package_control,0,0
1637,git,0.0,6.0,28.0,MachineLearning,1,0
1638,git,0.0,17.0,41.0,profiling,0,0
1639,git,0.0,58.0,38.0,wifiphisher,0,0
1640,git,0.0,129.0,87.0,csvkit,0,0
1641,git,0.0,1.0,0.0,labelme,1,0
1642,git,0.0,31.0,50.0,dejavu,0,0
1643,git,0.0,104.0,111.0,autojump,0,1
1644,git,0.0,6.0,6.0,WebHubBot,0,0
1645,git,0.0,180.0,36.0,xonsh,0,1
1646,git,0.0,15.0,11.0,TensorFlowOnSpark,0,0
1647,git,0.0,13.0,8.0,gixy,0,0
1648,git,0.0,69.0,30.0,intermediatePython,0,0
1649,git,0.0,78.0,36.0,python3-cookbook,0,0
1650,git,0.0,16.0,31.0,deep-visualization-toolbox,0,0
1651,git,0.0,3.0,1.0,wxpy,1,0
1652,git,0.0,25.0,12.0,xunfeng,0,0
1653,git,0.0,18.0,48.0,theZoo,0,0
1654,git,0.0,131.0,33.0,connexion,0,0
1655,git,0.0,43.0,32.0,patroni,0,0
1656,git,1.0,131.0,87.0,pyzmq,1,0
1657,git,0.0,621.0,69.0,zulip,0,0
1658,git,0.0,6.0,4.0,Automatic_Speech_Recognition,0,0
1659,git,0.0,279.0,154.0,sqlalchemy,0,0
1660,git,0.0,2.0,0.0,brambox.git,0,0
1661,git,0.0,7.0,5.0,Traktor.git,0,0
1662,git,0.0,1.0,0.0,FALocalRepo.git,0,0
1663,git,0.0,3.0,12.0,bdflib.git,1,0
1664,git,0.0,1.0,2.0,feed2exec.git,0,0
1665,git,0.0,1.0,78.0,asciidoc3.git,0,0
1666,git,0.0,1.0,0.0,importdir.git,0,0
1667,git,0.0,2.0,2.0,betse.git,0,0
1668,git,0.0,1.0,5.0,bgez.git,0,0
1669,git,0.0,1.0,0.0,BGEz_LandGen.git,1,0
1670,git,0.0,1.0,1.0,systranio.git,1,0
1671,git,0.0,7.0,24.0,batman.git,0,0
1672,git,0.0,3.0,10.0,PyPrint.git,0,0
1673,git,0.0,1.0,5.0,crowdcontrol.git,1,0
1674,git,0.0,1.0,0.0,learn-by-example.git,1,0
1675,git,0.0,5.0,2.0,idea-party.git,1,0
1676,git,0.0,2.0,1.0,python-crontab.git,0,0
1677,git,0.0,1.0,0.0,apscheduler-api.git,1,0
1678,git,0.0,1.0,18.0,odoo_ezdoo.git,1,0
1679,git,0.0,5.0,6.0,repomaker.git,0,0
1680,git,0.0,2.0,0.0,fib.git,1,0
1681,git,0.0,1.0,0.0,sds011_particle_sensor.git,1,0
1682,git,0.0,3.0,33.0,gstudio.git,0,0
1683,git,0.0,1.0,0.0,server.git,0,0
1684,git,0.0,2.0,26.0,blender-mathutils.git,0,0
1685,git,0.0,18.0,30.0,KivyMD.git,0,0
1686,git,0.0,1.0,0.0,harfpy.git,0,0
1687,git,0.0,18.0,41.0,satnogs-db.git,0,0
1688,git,0.0,20.0,43.0,satnogs-network.git,0,0
1689,git,0.0,36.0,89.0,m2crypto.git,0,0
1690,git,0.0,1.0,2.0,empresa-libre.git,0,0
1691,git,0.0,16.0,78.0,mayan-edms.git,0,0
1692,git,0.0,4.0,65.0,pypacker.git,0,0
1693,git,0.0,1.0,2.0,mindfulness-at-the-computer.git,0,0
1694,git,0.0,2.0,12.0,simbuto.git,0,0
1695,git,0.0,6.0,96.0,gevent-websocket.git,0,0
1696,git,0.0,3.0,7.0,hyde.git,1,0
1697,git,0.0,9.0,58.0,flake8-docstrings.git,0,0
1698,git,0.0,74.0,96.0,flake8.git,0,0
1699,git,0.0,1.0,15.0,pep8-naming.git,0,0
1700,git,0.0,5.0,70.0,pycodestyle.git,0,0
1701,git,0.0,2.0,56.0,pydocstyle.git,0,0
1702,git,0.0,10.0,139.0,pylint.git,0,0
1703,git,0.0,3.0,33.0,redbaron.git,0,0
1704,git,0.0,1.0,0.0,cpupower-gui.git,0,0
1705,git,0.0,4.0,7.0,msn-server.git,0,0
1706,pypi,0.0,2.0,109.0,APScheduler,0,0
1707,pypi,0.0,2.0,34.0,Automat,0,0
1708,pypi,0.0,1.0,16.0,BeautifulSoup,1,0
1709,pypi,0.0,1.0,51.0,CacheControl,0,0
1710,pypi,0.0,1.0,55.0,Cerberus,0,0
1711,pypi,0.0,2.0,63.0,Cheetah,1,0
1712,pypi,0.0,1.0,37.0,ConfigArgParse,0,0
1713,pypi,0.0,2.0,8.0,Cycler,1,0
1714,pypi,0.0,3.0,132.0,Cython,0,0
1715,pypi,0.0,1.0,98.0,Django,0,0
1716,pypi,0.0,1.0,73.0,EasyProcess,1,0
1717,pypi,0.0,2.0,91.0,Faker,0,0
1718,pypi,0.0,2.0,78.0,Fiona,0,0
1719,pypi,0.0,3.0,73.0,Flask-Admin,0,0
1720,pypi,0.0,1.0,56.0,Flask-Bcrypt,1,0
1721,pypi,0.0,1.0,58.0,Flask-Login,0,0
1722,pypi,0.0,3.0,60.0,Flask-RESTful,1,0
1723,pypi,0.0,2.0,108.0,PasteDeploy,1,0
1724,pypi,0.0,3.0,100.0,PuLP,1,0
1725,pypi,0.0,1.0,9.0,PyAthenaJDBC,0,0
1726,pypi,0.0,3.0,68.0,PyHamcrest,1,0
1727,pypi,0.0,4.0,91.0,PyMySQL,0,0
1728,pypi,0.0,2.0,54.0,PyVCF,1,0
1729,pypi,0.0,1.0,73.0,PyVirtualDisplay,1,0
1730,pypi,0.0,3.0,133.0,Pygments,1,0
1731,pypi,0.0,1.0,108.0,Pympler,0,0
1732,pypi,0.0,1.0,39.0,Pyphen,0,0
1733,pypi,0.0,1.0,125.0,Sphinx,0,0
1734,pypi,0.0,2.0,80.0,WeasyPrint,0,1
1735,pypi,0.0,3.0,133.0,WebOb,0,0
1736,pypi,0.0,1.0,131.0,Werkzeug,0,0
1737,pypi,0.0,1.0,31.0,aiodns,1,0
1738,pypi,0.0,1.0,27.0,aiohttp_cors,0,0
1739,pypi,0.0,1.0,40.0,alabaster,0,0
1740,pypi,0.0,1.0,76.0,alembic,0,0
1741,pypi,0.0,3.0,156.0,altgraph,0,0
1742,pypi,0.0,2.0,63.0,analytics-python,0,0
1743,pypi,0.0,2.0,45.0,antlr4-python3-runtime,0,0
1744,pypi,0.0,1.0,36.0,applicationinsights,0,0
1745,pypi,0.0,1.0,12.0,appnope,1,0
1746,pypi,0.0,1.0,65.0,argcomplete,0,0
1747,pypi,0.0,2.0,116.0,argparse,1,0
1748,pypi,0.0,1.0,0.0,args,1,0
1749,pypi,0.0,1.0,28.0,asn1crypto,0,0
1750,pypi,0.0,1.0,43.0,aspy.yaml,0,0
1751,pypi,0.0,1.0,67.0,astor,0,0
1752,pypi,0.0,1.0,14.0,async_timeout,0,0
1753,pypi,0.0,2.0,80.0,autobahn,0,0
1754,pypi,0.0,1.0,4.0,aws-xray-sdk,0,0
1755,pypi,0.0,1.0,6.0,azure-cli-cdn,0,0
1756,pypi,0.0,1.0,13.0,azure-cli-cloud,0,0
1757,pypi,0.0,1.0,6.0,azure-cli-cognitiveservices,0,0
1758,pypi,0.0,1.0,16.0,azure-cli-core,0,0
1759,pypi,0.0,1.0,8.0,azure-cli-dla,0,0
1760,pypi,0.0,1.0,6.0,azure-cli-interactive,0,0
1761,pypi,0.0,1.0,16.0,azure-cli-iot,0,0
1762,pypi,0.0,1.0,8.0,azure-cli-lab,0,0
1763,pypi,0.0,1.0,8.0,azure-cli-monitor,0,0
1764,pypi,0.0,1.0,16.0,azure-cli-profile,0,0
1765,pypi,0.0,1.0,14.0,azure-cli-redis,0,0
1766,pypi,0.0,1.0,0.0,azure-cli-reservations,0,0
1767,pypi,0.0,1.0,4.0,azure-cli-servicefabric,0,0
1768,pypi,0.0,1.0,25.0,azure-common,0,0
1769,pypi,0.0,1.0,0.0,azure-cosmosdb-nspkg,1,0
1770,pypi,0.0,1.0,9.0,azure-keyvault,0,0
1771,pypi,0.0,1.0,0.0,azure-mgmt-advisor,0,0
1772,pypi,0.0,1.0,15.0,azure-mgmt-authorization,0,0
1773,pypi,0.0,2.0,21.0,azure-mgmt-batch,0,0
1774,pypi,0.0,1.0,0.0,azure-mgmt-billing,0,0
1775,pypi,0.0,1.0,14.0,azure-mgmt-commerce,0,0
1776,pypi,0.0,2.0,30.0,azure-mgmt-compute,0,0
1777,pypi,0.0,2.0,3.0,azure-mgmt-containerinstance,0,0
1778,pypi,0.0,2.0,12.0,azure-mgmt-containerregistry,0,0
1779,pypi,0.0,1.0,2.0,azure-mgmt-datafactory,0,0
1780,pypi,0.0,1.0,10.0,azure-mgmt-datalake-nspkg,1,0
1781,pypi,0.0,2.0,2.0,azure-mgmt-eventgrid,0,0
1782,pypi,0.0,2.0,15.0,azure-mgmt-iothub,0,0
1783,pypi,0.0,1.0,0.0,azure-mgmt-loganalytics,0,0
1784,pypi,0.0,1.0,11.0,azure-mgmt-media,0,0
1785,pypi,0.0,1.0,26.0,azure-mgmt-nspkg,1,0
1786,pypi,0.0,1.0,3.0,azure-mgmt-recoveryservices,0,0
1787,pypi,0.0,1.0,21.0,azure-mgmt-redis,0,0
1788,pypi,0.0,1.0,0.0,azure-mgmt-reservations,0,0
1789,pypi,0.0,2.0,28.0,azure-mgmt-resource,0,0
1790,pypi,0.0,1.0,6.0,azure-mgmt-search,0,0
1791,pypi,0.0,2.0,14.0,azure-mgmt-servicebus,0,0
1792,pypi,0.0,1.0,0.0,azure-mgmt-servicefabric,0,0
1793,pypi,0.0,2.0,13.0,azure-mgmt-sql,0,0
1794,pypi,0.0,2.0,30.0,azure-mgmt-storage,0,0
1795,pypi,0.0,1.0,11.0,azure-mgmt-trafficmanager,0,0
1796,pypi,0.0,1.0,22.0,azure-mgmt,0,0
1797,pypi,0.0,1.0,26.0,azure-nspkg,1,0
1798,pypi,0.0,2.0,6.0,azure-servicefabric,0,0
1799,pypi,0.0,1.0,21.0,azure-servicemanagement-legacy,1,0
1800,pypi,0.0,1.0,1.0,azure-storage-blob,0,0
1801,pypi,0.0,1.0,1.0,azure-storage-common,0,0
1802,pypi,0.0,1.0,0.0,azure-storage-file,0,0
1803,pypi,0.0,1.0,26.0,azure-storage,1,0
1804,pypi,0.0,3.0,64.0,azure,0,0
1805,pypi,0.0,1.0,0.0,backcall,1,0
1806,pypi,0.0,2.0,39.0,backoff,0,0
1807,pypi,0.0,1.0,18.0,backports_abc,1,0
1808,pypi,0.0,3.0,99.0,billiard,0,0
1809,pypi,0.0,1.0,8.0,bitarray,0,0
1810,pypi,0.0,1.0,70.0,blinker,1,0
1811,pypi,0.0,2.0,15.0,blis,1,0
1812,pypi,0.0,1.0,140.0,boto,0,1
1813,pypi,0.0,2.0,40.0,boto3,0,1
1814,pypi,0.0,1.0,27.0,bumpversion,1,0
1815,pypi,0.0,1.0,25.0,bz2file,1,0
1816,pypi,0.0,1.0,53.0,cassandra-driver,0,0
1817,pypi,0.0,1.0,0.0,click-completion,0,0
1818,pypi,0.0,1.0,57.0,clint,1,1
1819,pypi,0.0,1.0,33.0,cloudpickle,0,0
1820,pypi,0.0,1.0,58.0,coloredlogs,0,0
1821,pypi,0.0,2.0,66.0,configparser,1,0
1822,pypi,0.0,1.0,0.0,cookiejar,0,0
1823,pypi,0.0,1.0,32.0,cookies,1,0
1824,pypi,0.0,1.0,33.0,coreapi,1,0
1825,pypi,0.0,1.0,0.0,crcmod,1,0
1826,pypi,0.0,3.0,101.0,croniter,0,0
1827,pypi,0.0,1.0,3.0,cssselect2,1,0
1828,pypi,0.0,1.0,125.0,cssutils,1,0
1829,pypi,0.0,1.0,34.0,datadog,0,0
1830,pypi,0.0,1.0,60.0,ddt,0,0
1831,pypi,0.0,1.0,36.0,debtcollector,0,0
1832,pypi,0.0,3.0,57.0,dictdiffer,0,0
1833,pypi,0.0,1.0,41.0,dicttoxml,1,0
1834,pypi,0.0,1.0,61.0,dj-database-url,0,0
1835,pypi,0.0,1.0,15.0,django-appconf,1,0
1836,pypi,0.0,1.0,112.0,django-debug-toolbar,0,1
1837,pypi,0.0,2.0,57.0,django-environ,0,0
1838,pypi,0.0,1.0,84.0,django-tables2,0,0
1839,pypi,0.0,2.0,43.0,docker-py,0,1
1840,pypi,0.0,1.0,56.0,ecdsa,1,0
1841,pypi,0.0,1.0,43.0,elasticsearch-dsl,0,0
1842,pypi,0.0,1.0,129.0,enum,0,0
1843,pypi,0.0,1.0,38.0,enum34,1,0
1844,pypi,0.0,2.0,104.0,execnet,1,0
1845,pypi,0.0,1.0,46.0,extras,1,0
1846,pypi,0.0,1.0,77.0,fastavro,0,0
1847,pypi,0.0,1.0,14.0,findspark,0,0
1848,pypi,0.0,1.0,10.0,first,1,0
1849,pypi,0.0,2.0,43.0,funcsigs,1,0
1850,pypi,0.0,1.0,36.0,functools32,1,0
1851,pypi,0.0,1.0,4.0,gapic-google-cloud-error-reporting-v1beta1,1,0
1852,pypi,0.0,2.0,34.0,gcloud,1,0
1853,pypi,0.0,1.0,78.0,geographiclib,1,0
1854,pypi,0.0,1.0,58.0,geoip2,0,0
1855,pypi,0.0,5.0,72.0,geopy,0,1
1856,pypi,0.0,1.0,58.0,gitdb,1,0
1857,pypi,0.0,1.0,80.0,glob2,1,0
1858,pypi,0.0,1.0,1.0,google-api-core,0,0
1859,pypi,0.0,1.0,13.0,google-auth-httplib2,0,0
1860,pypi,0.0,1.0,8.0,google-auth-oauthlib,0,0
1861,pypi,0.0,2.0,14.0,google-cloud-core,0,0
1862,pypi,0.0,1.0,19.0,google-cloud-dataflow,0,0
1863,pypi,0.0,2.0,14.0,google-cloud-dns,0,0
1864,pypi,0.0,1.0,1.0,google-cloud-firestore,0,0
1865,pypi,0.0,2.0,14.0,google-cloud-language,0,0
1866,pypi,0.0,2.0,14.0,google-cloud-resource-manager,0,0
1867,pypi,0.0,2.0,9.0,google-cloud-spanner,0,0
1868,pypi,0.0,3.0,12.0,google-cloud-speech,0,0
1869,pypi,0.0,1.0,18.0,google-compute-engine,0,0
1870,pypi,0.0,2.0,6.0,google-resumable-media,1,0
1871,pypi,0.0,1.0,0.0,google,0,0
1872,pypi,0.0,3.0,47.0,googleads,0,0
1873,pypi,0.0,2.0,101.0,googlemaps,0,0
1874,pypi,0.0,4.0,144.0,greenlet,0,0
1875,pypi,0.0,1.0,12.0,grpc-google-iam-v1,1,0
1876,pypi,0.0,2.0,35.0,grpcio,0,0
1877,pypi,0.0,1.0,94.0,gunicorn,0,1
1878,pypi,0.0,2.0,54.0,hiredis,1,0
1879,pypi,0.0,3.0,114.0,html2text,0,0
1880,pypi,0.0,1.0,75.0,html5lib,0,0
1881,pypi,0.0,1.0,41.0,httpretty,0,0
1882,pypi,0.0,1.0,53.0,humanfriendly,0,0
1883,pypi,0.0,1.0,32.0,hvac,0,0
1884,pypi,0.0,1.0,4.0,hyperlink,0,0
1885,pypi,0.0,1.0,0.0,idna_ssl,0,0
1886,pypi,0.0,2.0,71.0,ijson,1,0
1887,pypi,0.0,1.0,2.0,imagesize,0,0
1888,pypi,0.0,2.0,59.0,inflect,0,0
1889,pypi,0.0,1.0,41.0,inflection,1,0
1890,pypi,0.0,1.0,122.0,ipdb,0,0
1891,pypi,0.0,1.0,24.0,ipython_genutils,1,0
1892,pypi,0.0,1.0,31.0,ipywidgets,0,0
1893,pypi,0.0,1.0,114.0,isodate,1,0
1894,pypi,0.0,1.0,45.0,isort,0,0
1895,pypi,0.0,1.0,36.0,itsdangerous,1,0
1896,pypi,0.0,1.0,0.0,itypes,1,0
1897,pypi,0.0,1.0,0.0,jeepney,1,0
1898,pypi,0.0,1.0,6.0,jinja2-time,1,0
1899,pypi,0.0,2.0,108.0,joblib,0,0
1900,pypi,0.0,1.0,83.0,jsonpatch,0,0
1901,pypi,0.0,3.0,99.0,jsonpickle,0,0
1902,pypi,0.0,1.0,27.0,jupyter_console,1,0
1903,pypi,0.0,2.0,20.0,jws,1,0
1904,pypi,0.0,2.0,46.0,kafka-python,0,1
1905,pypi,0.0,3.0,63.0,kazoo,0,0
1906,pypi,0.0,1.0,31.0,keystoneauth1,0,0
1907,pypi,0.0,1.0,49.0,kiwisolver,1,0
1908,pypi,0.0,1.0,12.0,kubernetes,0,0
1909,pypi,0.0,1.0,31.0,lazy-object-proxy,1,0
1910,pypi,0.0,1.0,25.0,ldap3,0,0
1911,pypi,0.0,2.0,60.0,livereload,0,0
1912,pypi,0.0,2.0,29.0,lockfile,1,0
1913,pypi,0.0,1.0,77.0,lunardate,1,0
1914,pypi,0.0,2.0,156.0,macholib,0,0
1915,pypi,0.0,1.0,54.0,manhole,1,0
1916,pypi,0.0,4.0,155.0,matplotlib,0,1
1917,pypi,0.0,2.0,44.0,maxminddb,0,0
1918,pypi,0.0,2.0,99.0,meld3,1,0
1919,pypi,0.0,1.0,49.0,mistune,0,0
1920,pypi,0.0,3.0,90.0,mock,1,1
1921,pypi,0.0,1.0,130.0,mpmath,1,0
1922,pypi,0.0,1.0,81.0,msgpack-python,0,0
1923,pypi,0.0,1.0,23.0,msrest,0,0
1924,pypi,0.0,2.0,23.0,msrestazure,0,0
1925,pypi,0.0,1.0,22.0,multidict,0,0
1926,pypi,0.0,2.0,107.0,mypy,0,1
1927,pypi,0.0,1.0,57.0,newrelic,0,0
1928,pypi,0.0,1.0,82.0,nodeenv,0,0
1929,pypi,0.0,1.0,14.0,ntlm-auth,0,0
1930,pypi,0.0,2.0,113.0,numpy,0,0
1931,pypi,0.0,1.0,56.0,nvidia-ml-py,1,0
1932,pypi,0.0,1.0,13.0,openapi-codec,1,0
1933,pypi,0.0,1.0,29.0,openstacksdk,0,0
1934,pypi,0.0,1.0,36.0,os-client-config,0,0
1935,pypi,0.0,1.0,1.0,os-service-types,0,0
1936,pypi,0.0,1.0,19.0,osc-lib,0,0
1937,pypi,0.0,1.0,44.0,oslo.i18n,0,0
1938,pypi,0.0,1.0,37.0,oslo.log,0,0
1939,pypi,0.0,1.0,42.0,oslo.serialization,0,0
1940,pypi,0.0,2.0,28.0,packaging,0,0
1941,pypi,0.0,1.0,49.0,paho-mqtt,0,0
1942,pypi,0.0,3.0,91.0,paramiko,0,1
1943,pypi,0.0,1.0,6.0,parso,0,0
1944,pypi,0.0,1.0,76.0,passlib,1,0
1945,pypi,0.0,1.0,0.0,pastel,1,0
1946,pypi,0.0,1.0,33.0,pathlib,1,0
1947,pypi,0.0,1.0,48.0,pathspec,0,0
1948,pypi,0.0,2.0,43.0,patsy,0,0
1949,pypi,0.0,1.0,20.0,pefile,0,0
1950,pypi,0.0,3.0,105.0,pep8,1,0
1951,pypi,0.0,2.0,121.0,pexpect,0,0
1952,pypi,0.0,1.0,116.0,pg8000,0,0
1953,pypi,0.0,3.0,67.0,pip-tools,0,1
1954,pypi,0.0,1.0,98.0,pkginfo,0,0
1955,pypi,0.0,1.0,58.0,plotly,0,0
1956,pypi,0.0,2.0,33.0,pluggy,0,0
1957,pypi,0.0,1.0,62.0,ply,0,0
1958,pypi,0.0,2.0,77.0,portalocker,0,0
1959,pypi,0.0,1.0,16.0,poyo,1,0
1960,pypi,0.0,2.0,26.0,preshed,0,0
1961,pypi,0.0,4.0,53.0,progressbar2,0,0
1962,pypi,0.0,1.0,38.0,prompt_toolkit,0,0
1963,pypi,0.0,1.0,2.0,proto-google-cloud-datastore-v1,1,0
1964,pypi,0.0,1.0,0.0,proto-google-cloud-error-reporting-v1beta1,1,0
1965,pypi,0.0,1.0,92.0,psycopg2,0,0
1966,pypi,0.0,1.0,35.0,ptyprocess,0,0
1967,pypi,0.0,2.0,98.0,py4j,0,0
1968,pypi,0.0,1.0,65.0,pyaml,0,0
1969,pypi,0.0,3.0,87.0,pyasn1-modules,0,0
1970,pypi,0.0,1.0,65.0,pycares,1,0
1971,pypi,0.0,1.0,8.0,pycodestyle,0,1
1972,pypi,0.0,1.0,83.0,pycparser,0,0
1973,pypi,0.0,2.0,31.0,pycrypto,1,0
1974,pypi,0.0,2.0,54.0,pycurl,0,0
1975,pypi,0.0,2.0,43.0,pydocumentdb,0,0
1976,pypi,0.0,1.0,57.0,pyinotify,1,0
1977,pypi,0.0,3.0,115.0,pylint,0,1
1978,pypi,0.0,1.0,32.0,pyodbc,0,0
1979,pypi,0.0,1.0,126.0,pyparsing,0,0
1980,pypi,0.0,2.0,50.0,pyperclip,0,0
1981,pypi,0.0,1.0,0.0,pypiwin32,0,0
1982,pypi,0.0,1.0,83.0,pypng,1,0
1983,pypi,0.0,1.0,120.0,pyproj,1,0
1984,pypi,0.0,3.0,58.0,pystache,1,0
1985,pypi,0.0,1.0,0.0,pytest-forked,1,0
1986,pypi,0.0,1.0,18.0,pytest-instafail,0,0
1987,pypi,0.0,1.0,10.0,pytest-metadata,0,0
1988,pypi,0.0,2.0,55.0,python-Levenshtein,1,0
1989,pypi,0.0,1.0,101.0,python-daemon,0,1
1990,pypi,0.0,2.0,66.0,python-glanceclient,0,1
1991,pypi,0.0,1.0,30.0,python-jose,0,0
1992,pypi,0.0,1.0,100.0,python-magic,0,0
1993,pypi,0.0,2.0,81.0,python-memcached,0,0
1994,pypi,0.0,1.0,58.0,python-slugify,0,0
1995,pypi,0.0,2.0,67.0,python-swiftclient,0,1
1996,pypi,0.0,1.0,31.0,python_jwt,0,0
1997,pypi,0.0,1.0,23.0,pythonwhois,1,0
1998,pypi,0.0,1.0,159.0,pytz,0,0
1999,pypi,0.0,1.0,14.0,pytzdata,0,0
2000,pypi,0.0,2.0,15.0,pyxdg,0,0
2001,pypi,0.0,1.0,53.0,qds_sdk,0,0
2002,pypi,0.0,1.0,58.0,qrcode,0,1
2003,pypi,0.0,1.0,26.0,qtconsole,0,0
2004,pypi,0.0,1.0,31.0,queuelib,0,0
2005,pypi,0.0,1.0,11.0,recommonmark,1,0
2006,pypi,0.0,3.0,91.0,reportlab,0,0
2007,pypi,0.0,1.0,107.0,repoze.lru,1,0
2008,pypi,0.0,1.0,27.0,requests-file,0,0
2009,pypi,0.0,1.0,37.0,requests-futures,1,0
2010,pypi,0.0,1.0,55.0,requests-oauthlib,0,0
2011,pypi,0.0,2.0,43.0,requests-toolbelt,1,0
2012,pypi,0.0,1.0,21.0,requestsexceptions,0,0
2013,pypi,0.0,1.0,50.0,responses,0,1
2014,pypi,0.0,2.0,39.0,rfc3986,1,0
2015,pypi,0.0,3.0,59.0,rfc3987,0,0
2016,pypi,0.0,1.0,51.0,rq,0,0
2017,pypi,0.0,2.0,103.0,rsa,0,0
2018,pypi,0.0,1.0,20.0,s2sphere,0,0
2019,pypi,0.0,3.0,68.0,s3cmd,0,1
2020,pypi,0.0,1.0,45.0,salesforce-bulk,0,0
2021,pypi,0.0,1.0,43.0,scandir,0,0
2022,pypi,0.0,1.0,58.0,schedule,0,1
2023,pypi,0.0,1.0,60.0,schema,0,0
2024,pypi,0.0,1.0,64.0,scikit-image,0,1
2025,pypi,0.0,2.0,79.0,scikit-learn,0,1
2026,pypi,0.0,2.0,94.0,scipy,0,1
2027,pypi,0.0,1.0,27.0,scp,0,0
2028,pypi,0.0,3.0,70.0,semver,0,0
2029,pypi,0.0,4.0,69.0,sendgrid,0,0
2030,pypi,0.0,1.0,64.0,sh,1,1
2031,pypi,0.0,2.0,57.0,simple-salesforce,0,0
2032,pypi,0.0,1.0,38.0,simpleflock,1,0
2033,pypi,0.0,1.0,71.0,simplegeneric,1,0
2034,pypi,0.0,1.0,94.0,six,1,0
2035,pypi,0.0,1.0,42.0,slacker,0,0
2036,pypi,0.0,1.0,8.0,smmap2,0,0
2037,pypi,0.0,1.0,37.0,snowballstemmer,1,0
2038,pypi,0.0,1.0,19.0,snowflake-connector-python,0,0
2039,pypi,0.0,1.0,13.0,social-auth-app-django,0,0
2040,pypi,0.0,1.0,48.0,sortedcontainers,0,0
2041,pypi,0.0,4.0,37.0,spacy,0,0
2042,pypi,0.0,1.0,22.0,spark-sklearn,1,0
2043,pypi,0.0,1.0,38.0,statistics,1,0
2044,pypi,0.0,1.0,40.0,strict-rfc3339,1,0
2045,pypi,0.0,2.0,106.0,supervisor,0,1
2046,pypi,0.0,1.0,1.0,tensorflow-transform,0,0
2047,pypi,0.0,1.0,33.0,termcolor,1,0
2048,pypi,0.0,2.0,41.0,terminado,0,0
2049,pypi,0.0,1.0,117.0,testfixtures,0,0
2050,pypi,0.0,2.0,30.0,testpath,1,0
2051,pypi,0.0,1.0,64.0,text-unidecode,0,0
2052,pypi,0.0,2.0,25.0,texttable,0,0
2053,pypi,0.0,1.0,55.0,toolz,0,1
2054,pypi,0.0,1.0,0.0,torchvision,1,0
2055,pypi,0.0,2.0,53.0,tqdm,0,0
2056,pypi,0.0,1.0,3.0,traceback2,1,0
2057,pypi,0.0,3.0,59.0,translationstring,1,0
2058,pypi,0.0,1.0,62.0,troposphere,0,1
2059,pypi,0.0,2.0,51.0,trueskill,0,0
2060,pypi,0.0,1.0,105.0,twilio,0,0
2061,pypi,0.0,1.0,0.0,uWSGI,0,0
2062,pypi,0.0,1.0,53.0,ua-parser,0,0
2063,pypi,0.0,1.0,59.0,ujson,1,0
2064,pypi,0.0,1.0,9.0,uptime,1,0
2065,pypi,0.0,2.0,21.0,uvloop,0,1
2066,pypi,0.0,2.0,17.0,vine,1,0
2067,pypi,0.0,1.0,55.0,virtualenv-clone,0,0
2068,pypi,0.0,2.0,119.0,virtualenv,0,1
2069,pypi,0.0,1.0,82.0,w3lib,0,0
2070,pypi,0.0,2.0,75.0,waitress,1,0
2071,pypi,0.0,2.0,52.0,watchdog,0,1
2072,pypi,0.0,1.0,28.0,watchtower,0,0
2073,pypi,0.0,2.0,79.0,webapp2,1,0
2074,pypi,0.0,1.0,51.0,websockets,0,1
2075,pypi,0.0,1.0,51.0,wrapt,1,0
2076,pypi,0.0,2.0,12.0,xgboost,0,0
2077,pypi,0.0,1.0,149.0,xlrd,1,0
2078,pypi,0.0,1.0,116.0,xlwt,1,0
2079,pypi,0.0,1.0,23.0,yamllint,0,0
2080,pypi,0.0,2.0,64.0,youtube_dl,0,0
2081,pypi,0.0,2.0,116.0,zc.lockfile,0,0
2082,pypi,0.0,3.0,138.0,zope.component,1,0
2083,pypi,0.0,2.0,136.0,zope.deprecation,1,0
2084,pypi,0.0,3.0,139.0,zope.interface,0,0
